,grid_num,lon,lat,total
0,221,103.51859199,30.180001249999997,1
1,420,103.50528316999998,30.19832625,2
2,422,103.53190081,30.19832625,1
3,1366,104.11748889,30.28078875,1
4,1659,104.02432715,30.30827625,4
5,1668,104.14410652999999,30.30827625,1
6,1755,103.97109187,30.31743875,42
7,1759,104.02432715,30.31743875,1
8,1854,103.95778304999999,30.32660125,3
9,1855,103.97109187,30.32660125,13
10,1860,104.03763597,30.32660125,1
11,1954,103.95778304999999,30.335763749999998,3
12,1960,104.03763597,30.335763749999998,1
13,1968,104.14410652999999,30.335763749999998,1
14,2053,103.94447423,30.34492625,1
15,2168,104.14410652999999,30.35408875,1
16,2249,103.89123895,30.363251249999998,2
17,2251,103.91785658999999,30.363251249999998,1
18,2268,104.14410652999999,30.363251249999998,1
19,2344,103.82469484999999,30.37241375,1
20,2345,103.83800367,30.37241375,6
21,2350,103.90454777,30.37241375,1
22,2354,103.95778304999999,30.37241375,3
23,2355,103.97109187,30.37241375,2
24,2361,104.05094478999999,30.37241375,11
25,2417,103.46535671,30.381576250000002,1
26,2447,103.86462130999999,30.381576250000002,1
27,2449,103.89123895,30.381576250000002,2
28,2451,103.91785658999999,30.381576250000002,1
29,2470,104.17072417,30.381576250000002,2
30,2517,103.46535671,30.390738749999997,1
31,2542,103.79807721,30.390738749999997,3
32,2545,103.83800367,30.390738749999997,2
33,2563,104.07756243,30.390738749999997,1
34,2564,104.09087124999999,30.390738749999997,1
35,2568,104.14410652999999,30.390738749999997,1
36,2599,104.55667994999999,30.390738749999997,3
37,2616,103.45204788999999,30.39990125,2
38,2617,103.46535671,30.39990125,3
39,2618,103.47866553,30.39990125,1
40,2619,103.49197434999999,30.39990125,1
41,2635,103.70491547,30.39990125,4
42,2639,103.75815075,30.39990125,1
43,2642,103.79807721,30.39990125,2
44,2650,103.90454777,30.39990125,2
45,2655,103.97109187,30.39990125,1
46,2656,103.98440069,30.39990125,4
47,2663,104.07756243,30.39990125,8
48,2668,104.14410652999999,30.39990125,2
49,2715,103.43873907,30.40906375,1
50,2717,103.46535671,30.40906375,3
51,2718,103.47866553,30.40906375,1
52,2741,103.78476839,30.40906375,4
53,2742,103.79807721,30.40906375,13
54,2743,103.81138603,30.40906375,27
55,2744,103.82469484999999,30.40906375,2
56,2749,103.89123895,30.40906375,1
57,2750,103.90454777,30.40906375,3
58,2756,103.98440069,30.40906375,20
59,2757,103.99770950999999,30.40906375,1
60,2765,104.10418007,30.40906375,3
61,2768,104.14410652999999,30.40906375,3
62,2798,104.54337113,30.40906375,1
63,2817,103.46535671,30.41822625,2
64,2818,103.47866553,30.41822625,2
65,2837,103.73153310999999,30.41822625,2
66,2842,103.79807721,30.41822625,4
67,2843,103.81138603,30.41822625,20
68,2844,103.82469484999999,30.41822625,21
69,2845,103.83800367,30.41822625,7
70,2856,103.98440069,30.41822625,1
71,2861,104.05094478999999,30.41822625,1
72,2863,104.07756243,30.41822625,2
73,2865,104.10418007,30.41822625,18
74,2866,104.11748889,30.41822625,3
75,2942,103.79807721,30.42738875,5
76,2943,103.81138603,30.42738875,23
77,2946,103.85131249,30.42738875,1
78,2956,103.98440069,30.42738875,2
79,2957,103.99770950999999,30.42738875,11
80,2958,104.01101832999998,30.42738875,3
81,2961,104.05094478999999,30.42738875,8
82,2963,104.07756243,30.42738875,2
83,2965,104.10418007,30.42738875,2
84,2966,104.11748889,30.42738875,1
85,2972,104.19734181,30.42738875,2
86,2973,104.21065063,30.42738875,1
87,3041,103.78476839,30.43655125,4
88,3043,103.81138603,30.43655125,9
89,3046,103.85131249,30.43655125,2
90,3056,103.98440069,30.43655125,2
91,3057,103.99770950999999,30.43655125,1
92,3060,104.03763597,30.43655125,21
93,3061,104.05094478999999,30.43655125,16
94,3062,104.06425361,30.43655125,2
95,3063,104.07756243,30.43655125,1
96,3065,104.10418007,30.43655125,2
97,3071,104.18403298999999,30.43655125,1
98,3072,104.19734181,30.43655125,4
99,3136,103.71822429,30.44571375,1
100,3142,103.79807721,30.44571375,1
101,3146,103.85131249,30.44571375,4
102,3147,103.86462130999999,30.44571375,2
103,3156,103.98440069,30.44571375,1
104,3158,104.01101832999998,30.44571375,3
105,3159,104.02432715,30.44571375,1
106,3160,104.03763597,30.44571375,4
107,3161,104.05094478999999,30.44571375,23
108,3162,104.06425361,30.44571375,2
109,3163,104.07756243,30.44571375,10
110,3171,104.18403298999999,30.44571375,2
111,3241,103.78476839,30.454876249999998,1
112,3247,103.86462130999999,30.454876249999998,1
113,3256,103.98440069,30.454876249999998,10
114,3257,103.99770950999999,30.454876249999998,2
115,3258,104.01101832999998,30.454876249999998,2
116,3261,104.05094478999999,30.454876249999998,4
117,3264,104.09087124999999,30.454876249999998,1
118,3269,104.15741535,30.454876249999998,1
119,3270,104.17072417,30.454876249999998,1
120,3271,104.18403298999999,30.454876249999998,1
121,3347,103.86462130999999,30.46403875,3
122,3348,103.87793013,30.46403875,5
123,3355,103.97109187,30.46403875,3
124,3357,103.99770950999999,30.46403875,9
125,3358,104.01101832999998,30.46403875,4
126,3359,104.02432715,30.46403875,5
127,3360,104.03763597,30.46403875,2
128,3361,104.05094478999999,30.46403875,1
129,3362,104.06425361,30.46403875,16
130,3363,104.07756243,30.46403875,6
131,3364,104.09087124999999,30.46403875,22
132,3365,104.10418007,30.46403875,9
133,3369,104.15741535,30.46403875,6
134,3447,103.86462130999999,30.47320125,2
135,3448,103.87793013,30.47320125,10
136,3449,103.89123895,30.47320125,3
137,3450,103.90454777,30.47320125,1
138,3452,103.93116541,30.47320125,2
139,3454,103.95778304999999,30.47320125,4
140,3455,103.97109187,30.47320125,1
141,3456,103.98440069,30.47320125,4
142,3457,103.99770950999999,30.47320125,9
143,3458,104.01101832999998,30.47320125,2
144,3459,104.02432715,30.47320125,6
145,3460,104.03763597,30.47320125,4
146,3462,104.06425361,30.47320125,20
147,3463,104.07756243,30.47320125,12
148,3464,104.09087124999999,30.47320125,34
149,3465,104.10418007,30.47320125,11
150,3466,104.11748889,30.47320125,1
151,3467,104.13079771,30.47320125,15
152,3468,104.14410652999999,30.47320125,55
153,3469,104.15741535,30.47320125,18
154,3470,104.17072417,30.47320125,4
155,3543,103.81138603,30.482363749999998,1
156,3548,103.87793013,30.482363749999998,66
157,3549,103.89123895,30.482363749999998,47
158,3550,103.90454777,30.482363749999998,1
159,3553,103.94447423,30.482363749999998,6
160,3554,103.95778304999999,30.482363749999998,6
161,3555,103.97109187,30.482363749999998,36
162,3556,103.98440069,30.482363749999998,19
163,3557,103.99770950999999,30.482363749999998,188
164,3558,104.01101832999998,30.482363749999998,3
165,3559,104.02432715,30.482363749999998,24
166,3560,104.03763597,30.482363749999998,37
167,3561,104.05094478999999,30.482363749999998,27
168,3562,104.06425361,30.482363749999998,131
169,3563,104.07756243,30.482363749999998,178
170,3564,104.09087124999999,30.482363749999998,226
171,3565,104.10418007,30.482363749999998,140
172,3566,104.11748889,30.482363749999998,5
173,3567,104.13079771,30.482363749999998,20
174,3568,104.14410652999999,30.482363749999998,4
175,3572,104.19734181,30.482363749999998,1
176,3643,103.81138603,30.49152625,1
177,3648,103.87793013,30.49152625,17
178,3649,103.89123895,30.49152625,6
179,3650,103.90454777,30.49152625,4
180,3651,103.91785658999999,30.49152625,1
181,3653,103.94447423,30.49152625,95
182,3654,103.95778304999999,30.49152625,109
183,3655,103.97109187,30.49152625,4
184,3656,103.98440069,30.49152625,26
185,3657,103.99770950999999,30.49152625,160
186,3658,104.01101832999998,30.49152625,1
187,3659,104.02432715,30.49152625,85
188,3660,104.03763597,30.49152625,95
189,3661,104.05094478999999,30.49152625,176
190,3662,104.06425361,30.49152625,328
191,3663,104.07756243,30.49152625,863
192,3664,104.09087124999999,30.49152625,39
193,3665,104.10418007,30.49152625,72
194,3666,104.11748889,30.49152625,30
195,3667,104.13079771,30.49152625,60
196,3668,104.14410652999999,30.49152625,1
197,3671,104.18403298999999,30.49152625,4
198,3672,104.19734181,30.49152625,1
199,3674,104.22395945,30.49152625,1
200,3729,103.62506255,30.500688750000002,1
201,3748,103.87793013,30.500688750000002,3
202,3750,103.90454777,30.500688750000002,20
203,3751,103.91785658999999,30.500688750000002,9
204,3753,103.94447423,30.500688750000002,69
205,3754,103.95778304999999,30.500688750000002,125
206,3755,103.97109187,30.500688750000002,15
207,3756,103.98440069,30.500688750000002,11
208,3757,103.99770950999999,30.500688750000002,37
209,3758,104.01101832999998,30.500688750000002,1
210,3759,104.02432715,30.500688750000002,47
211,3760,104.03763597,30.500688750000002,402
212,3761,104.05094478999999,30.500688750000002,264
213,3762,104.06425361,30.500688750000002,816
214,3763,104.07756243,30.500688750000002,348
215,3764,104.09087124999999,30.500688750000002,1
216,3772,104.19734181,30.500688750000002,8
217,3773,104.21065063,30.500688750000002,10
218,3786,104.38366529,30.500688750000002,1
219,3787,104.39697411,30.500688750000002,1
220,3827,103.59844491,30.509851249999997,4
221,3828,103.61175373,30.509851249999997,3
222,3829,103.62506255,30.509851249999997,5
223,3848,103.87793013,30.509851249999997,8
224,3849,103.89123895,30.509851249999997,7
225,3850,103.90454777,30.509851249999997,5
226,3852,103.93116541,30.509851249999997,4
227,3853,103.94447423,30.509851249999997,1
228,3854,103.95778304999999,30.509851249999997,21
229,3855,103.97109187,30.509851249999997,28
230,3856,103.98440069,30.509851249999997,59
231,3857,103.99770950999999,30.509851249999997,18
232,3858,104.01101832999998,30.509851249999997,11
233,3859,104.02432715,30.509851249999997,24
234,3860,104.03763597,30.509851249999997,333
235,3861,104.05094478999999,30.509851249999997,969
236,3862,104.06425361,30.509851249999997,778
237,3863,104.07756243,30.509851249999997,508
238,3864,104.09087124999999,30.509851249999997,4
239,3865,104.10418007,30.509851249999997,1
240,3866,104.11748889,30.509851249999997,2
241,3868,104.14410652999999,30.509851249999997,1
242,3869,104.15741535,30.509851249999997,1
243,3871,104.18403298999999,30.509851249999997,1
244,3872,104.19734181,30.509851249999997,4
245,3873,104.21065063,30.509851249999997,4
246,3874,104.22395945,30.509851249999997,1
247,3875,104.23726826999999,30.509851249999997,1
248,3885,104.37035646999999,30.509851249999997,1
249,3927,103.59844491,30.51901375,2
250,3929,103.62506255,30.51901375,2
251,3940,103.77145956999999,30.51901375,1
252,3948,103.87793013,30.51901375,8
253,3950,103.90454777,30.51901375,11
254,3951,103.91785658999999,30.51901375,7
255,3954,103.95778304999999,30.51901375,8
256,3955,103.97109187,30.51901375,68
257,3956,103.98440069,30.51901375,28
258,3957,103.99770950999999,30.51901375,331
259,3958,104.01101832999998,30.51901375,49
260,3959,104.02432715,30.51901375,46
261,3960,104.03763597,30.51901375,310
262,3961,104.05094478999999,30.51901375,799
263,3962,104.06425361,30.51901375,684
264,3963,104.07756243,30.51901375,342
265,3964,104.09087124999999,30.51901375,46
266,3965,104.10418007,30.51901375,4
267,3966,104.11748889,30.51901375,23
268,3967,104.13079771,30.51901375,2
269,3968,104.14410652999999,30.51901375,6
270,3969,104.15741535,30.51901375,2
271,3970,104.17072417,30.51901375,12
272,3971,104.18403298999999,30.51901375,1
273,3972,104.19734181,30.51901375,8
274,3973,104.21065063,30.51901375,8
275,3974,104.22395945,30.51901375,19
276,3975,104.23726826999999,30.51901375,1
277,4030,103.63837136999999,30.52817625,1
278,4036,103.71822429,30.52817625,1
279,4037,103.73153310999999,30.52817625,4
280,4038,103.74484192999999,30.52817625,6
281,4047,103.86462130999999,30.52817625,1
282,4048,103.87793013,30.52817625,22
283,4049,103.89123895,30.52817625,12
284,4050,103.90454777,30.52817625,20
285,4051,103.91785658999999,30.52817625,14
286,4052,103.93116541,30.52817625,5
287,4053,103.94447423,30.52817625,4
288,4054,103.95778304999999,30.52817625,1
289,4055,103.97109187,30.52817625,222
290,4056,103.98440069,30.52817625,75
291,4057,103.99770950999999,30.52817625,102
292,4059,104.02432715,30.52817625,18
293,4060,104.03763597,30.52817625,134
294,4061,104.05094478999999,30.52817625,1585
295,4062,104.06425361,30.52817625,849
296,4063,104.07756243,30.52817625,805
297,4064,104.09087124999999,30.52817625,234
298,4066,104.11748889,30.52817625,10
299,4067,104.13079771,30.52817625,5
300,4068,104.14410652999999,30.52817625,99
301,4069,104.15741535,30.52817625,11
302,4070,104.17072417,30.52817625,3
303,4071,104.18403298999999,30.52817625,5
304,4072,104.19734181,30.52817625,11
305,4073,104.21065063,30.52817625,6
306,4074,104.22395945,30.52817625,7
307,4075,104.23726826999999,30.52817625,41
308,4076,104.25057709,30.52817625,16
309,4124,103.55851845,30.53733875,1
310,4141,103.78476839,30.53733875,9
311,4147,103.86462130999999,30.53733875,1
312,4148,103.87793013,30.53733875,18
313,4149,103.89123895,30.53733875,10
314,4150,103.90454777,30.53733875,17
315,4151,103.91785658999999,30.53733875,38
316,4152,103.93116541,30.53733875,7
317,4153,103.94447423,30.53733875,10
318,4154,103.95778304999999,30.53733875,2
319,4155,103.97109187,30.53733875,260
320,4156,103.98440069,30.53733875,71
321,4157,103.99770950999999,30.53733875,114
322,4158,104.01101832999998,30.53733875,16
323,4159,104.02432715,30.53733875,6
324,4160,104.03763597,30.53733875,16
325,4161,104.05094478999999,30.53733875,821
326,4162,104.06425361,30.53733875,1430
327,4163,104.07756243,30.53733875,1090
328,4164,104.09087124999999,30.53733875,776
329,4165,104.10418007,30.53733875,43
330,4166,104.11748889,30.53733875,26
331,4167,104.13079771,30.53733875,8
332,4168,104.14410652999999,30.53733875,14
333,4169,104.15741535,30.53733875,4
334,4171,104.18403298999999,30.53733875,22
335,4172,104.19734181,30.53733875,20
336,4173,104.21065063,30.53733875,11
337,4174,104.22395945,30.53733875,6
338,4175,104.23726826999999,30.53733875,39
339,4176,104.25057709,30.53733875,94
340,4177,104.26388591,30.53733875,93
341,4240,103.77145956999999,30.54650125,7
342,4241,103.78476839,30.54650125,2
343,4242,103.79807721,30.54650125,3
344,4243,103.81138603,30.54650125,1
345,4245,103.83800367,30.54650125,2
346,4246,103.85131249,30.54650125,6
347,4247,103.86462130999999,30.54650125,6
348,4248,103.87793013,30.54650125,4
349,4249,103.89123895,30.54650125,6
350,4250,103.90454777,30.54650125,13
351,4251,103.91785658999999,30.54650125,26
352,4252,103.93116541,30.54650125,16
353,4253,103.94447423,30.54650125,49
354,4254,103.95778304999999,30.54650125,38
355,4255,103.97109187,30.54650125,51
356,4256,103.98440069,30.54650125,830
357,4257,103.99770950999999,30.54650125,525
358,4258,104.01101832999998,30.54650125,714
359,4259,104.02432715,30.54650125,46
360,4260,104.03763597,30.54650125,1368
361,4261,104.05094478999999,30.54650125,2950
362,4262,104.06425361,30.54650125,4928
363,4263,104.07756243,30.54650125,1600
364,4264,104.09087124999999,30.54650125,2411
365,4265,104.10418007,30.54650125,410
366,4266,104.11748889,30.54650125,105
367,4268,104.14410652999999,30.54650125,20
368,4269,104.15741535,30.54650125,1
369,4270,104.17072417,30.54650125,41
370,4271,104.18403298999999,30.54650125,43
371,4272,104.19734181,30.54650125,25
372,4273,104.21065063,30.54650125,7
373,4274,104.22395945,30.54650125,60
374,4275,104.23726826999999,30.54650125,24
375,4276,104.25057709,30.54650125,123
376,4277,104.26388591,30.54650125,159
377,4278,104.27719472999999,30.54650125,9
378,4279,104.29050355,30.54650125,1
379,4339,103.75815075,30.55566375,2
380,4342,103.79807721,30.55566375,1
381,4343,103.81138603,30.55566375,4
382,4346,103.85131249,30.55566375,1
383,4347,103.86462130999999,30.55566375,3
384,4348,103.87793013,30.55566375,11
385,4349,103.89123895,30.55566375,27
386,4350,103.90454777,30.55566375,307
387,4351,103.91785658999999,30.55566375,480
388,4352,103.93116541,30.55566375,484
389,4353,103.94447423,30.55566375,112
390,4354,103.95778304999999,30.55566375,107
391,4355,103.97109187,30.55566375,203
392,4356,103.98440069,30.55566375,747
393,4357,103.99770950999999,30.55566375,721
394,4358,104.01101832999998,30.55566375,500
395,4359,104.02432715,30.55566375,130
396,4360,104.03763597,30.55566375,2985
397,4361,104.05094478999999,30.55566375,5304
398,4362,104.06425361,30.55566375,3144
399,4363,104.07756243,30.55566375,2820
400,4364,104.09087124999999,30.55566375,2859
401,4365,104.10418007,30.55566375,229
402,4366,104.11748889,30.55566375,177
403,4368,104.14410652999999,30.55566375,233
404,4369,104.15741535,30.55566375,55
405,4370,104.17072417,30.55566375,22
406,4371,104.18403298999999,30.55566375,54
407,4372,104.19734181,30.55566375,99
408,4373,104.21065063,30.55566375,11
409,4374,104.22395945,30.55566375,5
410,4375,104.23726826999999,30.55566375,30
411,4376,104.25057709,30.55566375,19
412,4377,104.26388591,30.55566375,232
413,4378,104.27719472999999,30.55566375,154
414,4379,104.29050355,30.55566375,2
415,4402,103.26572440999999,30.56482625,2
416,4421,103.51859199,30.56482625,3
417,4422,103.53190081,30.56482625,5
418,4423,103.54520962999999,30.56482625,4
419,4439,103.75815075,30.56482625,1
420,4442,103.79807721,30.56482625,2
421,4443,103.81138603,30.56482625,12
422,4444,103.82469484999999,30.56482625,2
423,4446,103.85131249,30.56482625,2
424,4447,103.86462130999999,30.56482625,4
425,4448,103.87793013,30.56482625,4
426,4449,103.89123895,30.56482625,21
427,4450,103.90454777,30.56482625,299
428,4451,103.91785658999999,30.56482625,765
429,4452,103.93116541,30.56482625,898
430,4453,103.94447423,30.56482625,166
431,4454,103.95778304999999,30.56482625,10190
432,4455,103.97109187,30.56482625,1958
433,4456,103.98440069,30.56482625,2462
434,4457,103.99770950999999,30.56482625,1748
435,4458,104.01101832999998,30.56482625,1472
436,4459,104.02432715,30.56482625,812
437,4460,104.03763597,30.56482625,187
438,4461,104.05094478999999,30.56482625,618
439,4462,104.06425361,30.56482625,2058
440,4463,104.07756243,30.56482625,833
441,4464,104.09087124999999,30.56482625,1043
442,4465,104.10418007,30.56482625,633
443,4466,104.11748889,30.56482625,59
444,4467,104.13079771,30.56482625,53
445,4468,104.14410652999999,30.56482625,114
446,4469,104.15741535,30.56482625,150
447,4470,104.17072417,30.56482625,633
448,4471,104.18403298999999,30.56482625,669
449,4472,104.19734181,30.56482625,611
450,4473,104.21065063,30.56482625,63
451,4474,104.22395945,30.56482625,19
452,4475,104.23726826999999,30.56482625,87
453,4476,104.25057709,30.56482625,224
454,4477,104.26388591,30.56482625,291
455,4478,104.27719472999999,30.56482625,199
456,4479,104.29050355,30.56482625,46
457,4520,103.50528316999998,30.573988749999998,2
458,4521,103.51859199,30.573988749999998,5
459,4522,103.53190081,30.573988749999998,8
460,4529,103.62506255,30.573988749999998,1
461,4543,103.81138603,30.573988749999998,12
462,4544,103.82469484999999,30.573988749999998,38
463,4545,103.83800367,30.573988749999998,7
464,4546,103.85131249,30.573988749999998,9
465,4548,103.87793013,30.573988749999998,11
466,4549,103.89123895,30.573988749999998,67
467,4550,103.90454777,30.573988749999998,320
468,4551,103.91785658999999,30.573988749999998,1127
469,4552,103.93116541,30.573988749999998,1029
470,4553,103.94447423,30.573988749999998,30
471,4554,103.95778304999999,30.573988749999998,6987
472,4555,103.97109187,30.573988749999998,556
473,4556,103.98440069,30.573988749999998,3691
474,4557,103.99770950999999,30.573988749999998,2525
475,4558,104.01101832999998,30.573988749999998,3562
476,4559,104.02432715,30.573988749999998,610
477,4560,104.03763597,30.573988749999998,615
478,4561,104.05094478999999,30.573988749999998,2525
479,4562,104.06425361,30.573988749999998,5076
480,4563,104.07756243,30.573988749999998,362
481,4564,104.09087124999999,30.573988749999998,95
482,4565,104.10418007,30.573988749999998,38
483,4566,104.11748889,30.573988749999998,17
484,4567,104.13079771,30.573988749999998,318
485,4568,104.14410652999999,30.573988749999998,275
486,4569,104.15741535,30.573988749999998,270
487,4570,104.17072417,30.573988749999998,413
488,4571,104.18403298999999,30.573988749999998,661
489,4572,104.19734181,30.573988749999998,1385
490,4573,104.21065063,30.573988749999998,738
491,4574,104.22395945,30.573988749999998,190
492,4575,104.23726826999999,30.573988749999998,521
493,4576,104.25057709,30.573988749999998,102
494,4577,104.26388591,30.573988749999998,146
495,4578,104.27719472999999,30.573988749999998,171
496,4579,104.29050355,30.573988749999998,16
497,4580,104.30381237,30.573988749999998,3
498,4621,103.51859199,30.58315125,9
499,4622,103.53190081,30.58315125,8
500,4623,103.54520962999999,30.58315125,2
501,4635,103.70491547,30.58315125,3
502,4637,103.73153310999999,30.58315125,4
503,4640,103.77145956999999,30.58315125,2
504,4641,103.78476839,30.58315125,1
505,4643,103.81138603,30.58315125,1
506,4645,103.83800367,30.58315125,9
507,4646,103.85131249,30.58315125,2
508,4647,103.86462130999999,30.58315125,24
509,4648,103.87793013,30.58315125,198
510,4649,103.89123895,30.58315125,97
511,4650,103.90454777,30.58315125,110
512,4651,103.91785658999999,30.58315125,544
513,4652,103.93116541,30.58315125,333
514,4653,103.94447423,30.58315125,156
515,4654,103.95778304999999,30.58315125,1185
516,4655,103.97109187,30.58315125,465
517,4656,103.98440069,30.58315125,1279
518,4657,103.99770950999999,30.58315125,396
519,4658,104.01101832999998,30.58315125,568
520,4659,104.02432715,30.58315125,1375
521,4660,104.03763597,30.58315125,5083
522,4661,104.05094478999999,30.58315125,4266
523,4662,104.06425361,30.58315125,4272
524,4663,104.07756243,30.58315125,885
525,4664,104.09087124999999,30.58315125,1280
526,4665,104.10418007,30.58315125,253
527,4666,104.11748889,30.58315125,594
528,4667,104.13079771,30.58315125,850
529,4668,104.14410652999999,30.58315125,445
530,4669,104.15741535,30.58315125,1056
531,4670,104.17072417,30.58315125,78
532,4671,104.18403298999999,30.58315125,251
533,4672,104.19734181,30.58315125,413
534,4673,104.21065063,30.58315125,122
535,4674,104.22395945,30.58315125,10
536,4675,104.23726826999999,30.58315125,10
537,4676,104.25057709,30.58315125,2
538,4677,104.26388591,30.58315125,6
539,4678,104.27719472999999,30.58315125,26
540,4679,104.29050355,30.58315125,21
541,4680,104.30381237,30.58315125,21
542,4721,103.51859199,30.592313750000002,1
543,4722,103.53190081,30.592313750000002,1
544,4735,103.70491547,30.592313750000002,4
545,4736,103.71822429,30.592313750000002,2
546,4741,103.78476839,30.592313750000002,2
547,4746,103.85131249,30.592313750000002,1
548,4747,103.86462130999999,30.592313750000002,18
549,4748,103.87793013,30.592313750000002,37
550,4749,103.89123895,30.592313750000002,39
551,4750,103.90454777,30.592313750000002,170
552,4751,103.91785658999999,30.592313750000002,936
553,4752,103.93116541,30.592313750000002,448
554,4753,103.94447423,30.592313750000002,1142
555,4754,103.95778304999999,30.592313750000002,187
556,4755,103.97109187,30.592313750000002,357
557,4756,103.98440069,30.592313750000002,365
558,4757,103.99770950999999,30.592313750000002,467
559,4758,104.01101832999998,30.592313750000002,117
560,4759,104.02432715,30.592313750000002,640
561,4760,104.03763597,30.592313750000002,2072
562,4761,104.05094478999999,30.592313750000002,5827
563,4762,104.06425361,30.592313750000002,7881
564,4763,104.07756243,30.592313750000002,8012
565,4764,104.09087124999999,30.592313750000002,3841
566,4765,104.10418007,30.592313750000002,2863
567,4766,104.11748889,30.592313750000002,2468
568,4767,104.13079771,30.592313750000002,1416
569,4768,104.14410652999999,30.592313750000002,5779
570,4769,104.15741535,30.592313750000002,486
571,4770,104.17072417,30.592313750000002,449
572,4771,104.18403298999999,30.592313750000002,44
573,4772,104.19734181,30.592313750000002,45
574,4773,104.21065063,30.592313750000002,14
575,4774,104.22395945,30.592313750000002,3
576,4776,104.25057709,30.592313750000002,1
577,4778,104.27719472999999,30.592313750000002,2
578,4780,104.30381237,30.592313750000002,117
579,4781,104.31712119,30.592313750000002,2
580,4818,103.47866553,30.601476249999997,1
581,4823,103.54520962999999,30.601476249999997,4
582,4828,103.61175373,30.601476249999997,1
583,4829,103.62506255,30.601476249999997,1
584,4832,103.66498901,30.601476249999997,3
585,4834,103.69160665,30.601476249999997,1
586,4835,103.70491547,30.601476249999997,1
587,4836,103.71822429,30.601476249999997,1
588,4844,103.82469484999999,30.601476249999997,1
589,4846,103.85131249,30.601476249999997,5
590,4847,103.86462130999999,30.601476249999997,4
591,4848,103.87793013,30.601476249999997,19
592,4849,103.89123895,30.601476249999997,31
593,4850,103.90454777,30.601476249999997,483
594,4851,103.91785658999999,30.601476249999997,808
595,4852,103.93116541,30.601476249999997,621
596,4853,103.94447423,30.601476249999997,969
597,4854,103.95778304999999,30.601476249999997,119
598,4855,103.97109187,30.601476249999997,450
599,4856,103.98440069,30.601476249999997,2802
600,4857,103.99770950999999,30.601476249999997,2948
601,4858,104.01101832999998,30.601476249999997,478
602,4859,104.02432715,30.601476249999997,1091
603,4860,104.03763597,30.601476249999997,3871
604,4861,104.05094478999999,30.601476249999997,3603
605,4862,104.06425361,30.601476249999997,11188
606,4863,104.07756243,30.601476249999997,9072
607,4864,104.09087124999999,30.601476249999997,5238
608,4865,104.10418007,30.601476249999997,6842
609,4866,104.11748889,30.601476249999997,2798
610,4867,104.13079771,30.601476249999997,7924
611,4868,104.14410652999999,30.601476249999997,6712
612,4869,104.15741535,30.601476249999997,1254
613,4870,104.17072417,30.601476249999997,213
614,4871,104.18403298999999,30.601476249999997,2
615,4872,104.19734181,30.601476249999997,1
616,4880,104.30381237,30.601476249999997,274
617,4881,104.31712119,30.601476249999997,106
618,4882,104.33043000999999,30.601476249999997,1
619,4894,104.49013585,30.601476249999997,1
620,4923,103.54520962999999,30.61063875,2
621,4932,103.66498901,30.61063875,2
622,4933,103.67829782999999,30.61063875,4
623,4934,103.69160665,30.61063875,3
624,4935,103.70491547,30.61063875,5
625,4936,103.71822429,30.61063875,2
626,4946,103.85131249,30.61063875,1
627,4947,103.86462130999999,30.61063875,13
628,4948,103.87793013,30.61063875,4
629,4949,103.89123895,30.61063875,99
630,4950,103.90454777,30.61063875,670
631,4951,103.91785658999999,30.61063875,710
632,4952,103.93116541,30.61063875,131
633,4953,103.94447423,30.61063875,149
634,4954,103.95778304999999,30.61063875,554
635,4955,103.97109187,30.61063875,1428
636,4956,103.98440069,30.61063875,3273
637,4957,103.99770950999999,30.61063875,2442
638,4958,104.01101832999998,30.61063875,1849
639,4959,104.02432715,30.61063875,985
640,4960,104.03763597,30.61063875,5920
641,4961,104.05094478999999,30.61063875,8062
642,4962,104.06425361,30.61063875,12954
643,4963,104.07756243,30.61063875,17898
644,4964,104.09087124999999,30.61063875,8400
645,4965,104.10418007,30.61063875,5684
646,4966,104.11748889,30.61063875,7748
647,4967,104.13079771,30.61063875,5334
648,4968,104.14410652999999,30.61063875,4902
649,4969,104.15741535,30.61063875,1051
650,4970,104.17072417,30.61063875,2057
651,4971,104.18403298999999,30.61063875,5
652,4973,104.21065063,30.61063875,1
653,4976,104.25057709,30.61063875,1
654,4978,104.27719472999999,30.61063875,2
655,4979,104.29050355,30.61063875,14
656,4980,104.30381237,30.61063875,73
657,4981,104.31712119,30.61063875,60
658,4993,104.47682703,30.61063875,2
659,4994,104.49013585,30.61063875,1
660,5032,103.66498901,30.619801250000002,25
661,5033,103.67829782999999,30.619801250000002,16
662,5034,103.69160665,30.619801250000002,4
663,5035,103.70491547,30.619801250000002,1
664,5036,103.71822429,30.619801250000002,1
665,5041,103.78476839,30.619801250000002,1
666,5046,103.85131249,30.619801250000002,1
667,5047,103.86462130999999,30.619801250000002,4
668,5048,103.87793013,30.619801250000002,9
669,5049,103.89123895,30.619801250000002,54
670,5050,103.90454777,30.619801250000002,235
671,5051,103.91785658999999,30.619801250000002,573
672,5052,103.93116541,30.619801250000002,204
673,5053,103.94447423,30.619801250000002,71
674,5054,103.95778304999999,30.619801250000002,429
675,5055,103.97109187,30.619801250000002,1555
676,5056,103.98440069,30.619801250000002,3630
677,5057,103.99770950999999,30.619801250000002,1923
678,5058,104.01101832999998,30.619801250000002,2092
679,5059,104.02432715,30.619801250000002,2987
680,5060,104.03763597,30.619801250000002,9732
681,5061,104.05094478999999,30.619801250000002,16874
682,5062,104.06425361,30.619801250000002,18610
683,5063,104.07756243,30.619801250000002,20416
684,5064,104.09087124999999,30.619801250000002,14735
685,5065,104.10418007,30.619801250000002,21115
686,5066,104.11748889,30.619801250000002,17437
687,5067,104.13079771,30.619801250000002,7791
688,5068,104.14410652999999,30.619801250000002,3601
689,5069,104.15741535,30.619801250000002,1685
690,5070,104.17072417,30.619801250000002,4072
691,5071,104.18403298999999,30.619801250000002,9
692,5074,104.22395945,30.619801250000002,2
693,5075,104.23726826999999,30.619801250000002,5
694,5078,104.27719472999999,30.619801250000002,1
695,5080,104.30381237,30.619801250000002,23
696,5081,104.31712119,30.619801250000002,23
697,5082,104.33043000999999,30.619801250000002,1
698,5131,103.65168019,30.628963749999997,5
699,5132,103.66498901,30.628963749999997,24
700,5133,103.67829782999999,30.628963749999997,14
701,5134,103.69160665,30.628963749999997,7
702,5135,103.70491547,30.628963749999997,7
703,5136,103.71822429,30.628963749999997,3
704,5137,103.73153310999999,30.628963749999997,2
705,5140,103.77145956999999,30.628963749999997,6
706,5141,103.78476839,30.628963749999997,14
707,5142,103.79807721,30.628963749999997,1
708,5143,103.81138603,30.628963749999997,1
709,5144,103.82469484999999,30.628963749999997,4
710,5148,103.87793013,30.628963749999997,28
711,5149,103.89123895,30.628963749999997,10
712,5150,103.90454777,30.628963749999997,68
713,5151,103.91785658999999,30.628963749999997,121
714,5152,103.93116541,30.628963749999997,45
715,5153,103.94447423,30.628963749999997,239
716,5154,103.95778304999999,30.628963749999997,762
717,5155,103.97109187,30.628963749999997,2043
718,5156,103.98440069,30.628963749999997,3562
719,5157,103.99770950999999,30.628963749999997,8382
720,5158,104.01101832999998,30.628963749999997,8243
721,5159,104.02432715,30.628963749999997,11208
722,5160,104.03763597,30.628963749999997,14499
723,5161,104.05094478999999,30.628963749999997,21579
724,5162,104.06425361,30.628963749999997,28139
725,5163,104.07756243,30.628963749999997,25474
726,5164,104.09087124999999,30.628963749999997,9521
727,5165,104.10418007,30.628963749999997,20244
728,5166,104.11748889,30.628963749999997,8657
729,5167,104.13079771,30.628963749999997,6123
730,5168,104.14410652999999,30.628963749999997,31857
731,5169,104.15741535,30.628963749999997,18854
732,5170,104.17072417,30.628963749999997,1432
733,5171,104.18403298999999,30.628963749999997,2
734,5173,104.21065063,30.628963749999997,2
735,5174,104.22395945,30.628963749999997,6
736,5175,104.23726826999999,30.628963749999997,8
737,5176,104.25057709,30.628963749999997,2
738,5181,104.31712119,30.628963749999997,7
739,5182,104.33043000999999,30.628963749999997,7
740,5231,103.65168019,30.63812625,2
741,5232,103.66498901,30.63812625,22
742,5233,103.67829782999999,30.63812625,18
743,5234,103.69160665,30.63812625,13
744,5236,103.71822429,30.63812625,1
745,5240,103.77145956999999,30.63812625,4
746,5241,103.78476839,30.63812625,2
747,5242,103.79807721,30.63812625,36
748,5243,103.81138603,30.63812625,40
749,5244,103.82469484999999,30.63812625,23
750,5245,103.83800367,30.63812625,1
751,5246,103.85131249,30.63812625,4
752,5247,103.86462130999999,30.63812625,20
753,5248,103.87793013,30.63812625,6
754,5249,103.89123895,30.63812625,6
755,5250,103.90454777,30.63812625,239
756,5251,103.91785658999999,30.63812625,173
757,5252,103.93116541,30.63812625,286
758,5253,103.94447423,30.63812625,352
759,5254,103.95778304999999,30.63812625,1091
760,5255,103.97109187,30.63812625,1026
761,5256,103.98440069,30.63812625,5242
762,5257,103.99770950999999,30.63812625,6351
763,5258,104.01101832999998,30.63812625,11392
764,5259,104.02432715,30.63812625,16669
765,5260,104.03763597,30.63812625,24255
766,5261,104.05094478999999,30.63812625,22639
767,5262,104.06425361,30.63812625,33524
768,5263,104.07756243,30.63812625,38704
769,5264,104.09087124999999,30.63812625,51057
770,5265,104.10418007,30.63812625,32028
771,5266,104.11748889,30.63812625,8108
772,5267,104.13079771,30.63812625,9178
773,5268,104.14410652999999,30.63812625,7498
774,5269,104.15741535,30.63812625,4522
775,5270,104.17072417,30.63812625,50
776,5271,104.18403298999999,30.63812625,4
777,5272,104.19734181,30.63812625,2
778,5273,104.21065063,30.63812625,7
779,5274,104.22395945,30.63812625,19
780,5275,104.23726826999999,30.63812625,48
781,5276,104.25057709,30.63812625,6
782,5277,104.26388591,30.63812625,4
783,5278,104.27719472999999,30.63812625,6
784,5281,104.31712119,30.63812625,58
785,5282,104.33043000999999,30.63812625,190
786,5331,103.65168019,30.64728875,1
787,5332,103.66498901,30.64728875,4
788,5333,103.67829782999999,30.64728875,20
789,5336,103.71822429,30.64728875,1
790,5340,103.77145956999999,30.64728875,1
791,5341,103.78476839,30.64728875,4
792,5342,103.79807721,30.64728875,22
793,5343,103.81138603,30.64728875,51
794,5344,103.82469484999999,30.64728875,57
795,5345,103.83800367,30.64728875,76
796,5346,103.85131249,30.64728875,9
797,5347,103.86462130999999,30.64728875,21
798,5348,103.87793013,30.64728875,11
799,5349,103.89123895,30.64728875,14
800,5350,103.90454777,30.64728875,31
801,5351,103.91785658999999,30.64728875,44
802,5352,103.93116541,30.64728875,96
803,5353,103.94447423,30.64728875,42
804,5354,103.95778304999999,30.64728875,546
805,5355,103.97109187,30.64728875,1896
806,5356,103.98440069,30.64728875,5683
807,5357,103.99770950999999,30.64728875,16883
808,5358,104.01101832999998,30.64728875,15339
809,5359,104.02432715,30.64728875,32716
810,5360,104.03763597,30.64728875,29059
811,5361,104.05094478999999,30.64728875,40260
812,5362,104.06425361,30.64728875,68474
813,5363,104.07756243,30.64728875,66514
814,5364,104.09087124999999,30.64728875,74804
815,5365,104.10418007,30.64728875,40242
816,5366,104.11748889,30.64728875,65771
817,5367,104.13079771,30.64728875,11131
818,5368,104.14410652999999,30.64728875,10930
819,5369,104.15741535,30.64728875,6091
820,5370,104.17072417,30.64728875,3659
821,5371,104.18403298999999,30.64728875,5146
822,5372,104.19734181,30.64728875,806
823,5373,104.21065063,30.64728875,64
824,5374,104.22395945,30.64728875,305
825,5375,104.23726826999999,30.64728875,1042
826,5376,104.25057709,30.64728875,164
827,5377,104.26388591,30.64728875,390
828,5378,104.27719472999999,30.64728875,255
829,5379,104.29050355,30.64728875,5
830,5380,104.30381237,30.64728875,3
831,5381,104.31712119,30.64728875,13
832,5382,104.33043000999999,30.64728875,55
833,5433,103.67829782999999,30.65645125,1
834,5434,103.69160665,30.65645125,1
835,5438,103.74484192999999,30.65645125,6
836,5440,103.77145956999999,30.65645125,1
837,5441,103.78476839,30.65645125,2
838,5442,103.79807721,30.65645125,7
839,5443,103.81138603,30.65645125,10
840,5444,103.82469484999999,30.65645125,7
841,5445,103.83800367,30.65645125,13
842,5446,103.85131249,30.65645125,3
843,5447,103.86462130999999,30.65645125,30
844,5448,103.87793013,30.65645125,14
845,5449,103.89123895,30.65645125,27
846,5450,103.90454777,30.65645125,82
847,5451,103.91785658999999,30.65645125,9
848,5452,103.93116541,30.65645125,19
849,5453,103.94447423,30.65645125,10
850,5454,103.95778304999999,30.65645125,110
851,5455,103.97109187,30.65645125,1506
852,5456,103.98440069,30.65645125,3043
853,5457,103.99770950999999,30.65645125,7060
854,5458,104.01101832999998,30.65645125,11289
855,5459,104.02432715,30.65645125,8772
856,5460,104.03763597,30.65645125,25392
857,5461,104.05094478999999,30.65645125,85809
858,5462,104.06425361,30.65645125,156932
859,5463,104.07756243,30.65645125,338647
860,5464,104.09087124999999,30.65645125,131324
861,5465,104.10418007,30.65645125,86836
862,5466,104.11748889,30.65645125,55058
863,5467,104.13079771,30.65645125,22418
864,5468,104.14410652999999,30.65645125,9332
865,5469,104.15741535,30.65645125,953
866,5470,104.17072417,30.65645125,4105
867,5471,104.18403298999999,30.65645125,8377
868,5472,104.19734181,30.65645125,226
869,5473,104.21065063,30.65645125,7
870,5474,104.22395945,30.65645125,677
871,5475,104.23726826999999,30.65645125,361
872,5476,104.25057709,30.65645125,29
873,5477,104.26388591,30.65645125,50
874,5478,104.27719472999999,30.65645125,9
875,5479,104.29050355,30.65645125,6
876,5538,103.74484192999999,30.66561375,5
877,5539,103.75815075,30.66561375,9
878,5540,103.77145956999999,30.66561375,17
879,5542,103.79807721,30.66561375,20
880,5543,103.81138603,30.66561375,39
881,5544,103.82469484999999,30.66561375,44
882,5545,103.83800367,30.66561375,6
883,5546,103.85131249,30.66561375,32
884,5547,103.86462130999999,30.66561375,78
885,5548,103.87793013,30.66561375,41
886,5549,103.89123895,30.66561375,7
887,5550,103.90454777,30.66561375,58
888,5551,103.91785658999999,30.66561375,3
889,5552,103.93116541,30.66561375,14
890,5553,103.94447423,30.66561375,230
891,5554,103.95778304999999,30.66561375,3489
892,5555,103.97109187,30.66561375,4501
893,5556,103.98440069,30.66561375,8790
894,5557,103.99770950999999,30.66561375,20775
895,5558,104.01101832999998,30.66561375,16499
896,5559,104.02432715,30.66561375,32054
897,5560,104.03763597,30.66561375,55853
898,5561,104.05094478999999,30.66561375,144329
899,5562,104.06425361,30.66561375,148520
900,5563,104.07756243,30.66561375,180523
901,5564,104.09087124999999,30.66561375,110960
902,5565,104.10418007,30.66561375,138895
903,5566,104.11748889,30.66561375,82765
904,5567,104.13079771,30.66561375,28386
905,5568,104.14410652999999,30.66561375,5944
906,5569,104.15741535,30.66561375,2651
907,5570,104.17072417,30.66561375,1919
908,5571,104.18403298999999,30.66561375,307
909,5572,104.19734181,30.66561375,75
910,5573,104.21065063,30.66561375,5
911,5574,104.22395945,30.66561375,46
912,5575,104.23726826999999,30.66561375,7
913,5578,104.27719472999999,30.66561375,1
914,5579,104.29050355,30.66561375,8
915,5632,103.66498901,30.67477625,1
916,5640,103.77145956999999,30.67477625,5
917,5641,103.78476839,30.67477625,13
918,5642,103.79807721,30.67477625,12
919,5643,103.81138603,30.67477625,119
920,5644,103.82469484999999,30.67477625,96
921,5645,103.83800367,30.67477625,83
922,5646,103.85131249,30.67477625,100
923,5647,103.86462130999999,30.67477625,124
924,5648,103.87793013,30.67477625,370
925,5649,103.89123895,30.67477625,740
926,5650,103.90454777,30.67477625,85
927,5651,103.91785658999999,30.67477625,421
928,5652,103.93116541,30.67477625,266
929,5653,103.94447423,30.67477625,221
930,5654,103.95778304999999,30.67477625,11119
931,5655,103.97109187,30.67477625,9402
932,5656,103.98440069,30.67477625,9831
933,5657,103.99770950999999,30.67477625,22908
934,5658,104.01101832999998,30.67477625,19649
935,5659,104.02432715,30.67477625,29599
936,5660,104.03763597,30.67477625,50040
937,5661,104.05094478999999,30.67477625,135713
938,5662,104.06425361,30.67477625,123461
939,5663,104.07756243,30.67477625,131275
940,5664,104.09087124999999,30.67477625,89817
941,5665,104.10418007,30.67477625,96323
942,5666,104.11748889,30.67477625,72852
943,5667,104.13079771,30.67477625,36806
944,5668,104.14410652999999,30.67477625,26890
945,5669,104.15741535,30.67477625,440
946,5670,104.17072417,30.67477625,261
947,5671,104.18403298999999,30.67477625,22
948,5672,104.19734181,30.67477625,61
949,5673,104.21065063,30.67477625,2
950,5674,104.22395945,30.67477625,23
951,5675,104.23726826999999,30.67477625,5
952,5677,104.26388591,30.67477625,2
953,5679,104.29050355,30.67477625,1
954,5684,104.35704765,30.67477625,1
955,5685,104.37035646999999,30.67477625,5
956,5741,103.78476839,30.68393875,1
957,5742,103.79807721,30.68393875,28
958,5743,103.81138603,30.68393875,140
959,5744,103.82469484999999,30.68393875,546
960,5745,103.83800367,30.68393875,297
961,5746,103.85131249,30.68393875,463
962,5747,103.86462130999999,30.68393875,622
963,5748,103.87793013,30.68393875,448
964,5749,103.89123895,30.68393875,342
965,5750,103.90454777,30.68393875,10
966,5751,103.91785658999999,30.68393875,138
967,5752,103.93116541,30.68393875,76
968,5753,103.94447423,30.68393875,674
969,5754,103.95778304999999,30.68393875,4198
970,5755,103.97109187,30.68393875,2911
971,5756,103.98440069,30.68393875,4112
972,5757,103.99770950999999,30.68393875,11974
973,5758,104.01101832999998,30.68393875,12708
974,5759,104.02432715,30.68393875,38120
975,5760,104.03763597,30.68393875,67338
976,5761,104.05094478999999,30.68393875,94297
977,5762,104.06425361,30.68393875,62077
978,5763,104.07756243,30.68393875,143435
979,5764,104.09087124999999,30.68393875,97048
980,5765,104.10418007,30.68393875,109345
981,5766,104.11748889,30.68393875,48680
982,5767,104.13079771,30.68393875,17167
983,5768,104.14410652999999,30.68393875,15245
984,5769,104.15741535,30.68393875,11369
985,5770,104.17072417,30.68393875,4313
986,5771,104.18403298999999,30.68393875,1122
987,5772,104.19734181,30.68393875,21
988,5773,104.21065063,30.68393875,4
989,5774,104.22395945,30.68393875,42
990,5775,104.23726826999999,30.68393875,9
991,5779,104.29050355,30.68393875,159
992,5780,104.30381237,30.68393875,82
993,5781,104.31712119,30.68393875,1
994,5783,104.34373883,30.68393875,7
995,5839,103.75815075,30.693101249999998,1
996,5841,103.78476839,30.693101249999998,1
997,5842,103.79807721,30.693101249999998,16
998,5843,103.81138603,30.693101249999998,193
999,5844,103.82469484999999,30.693101249999998,365
1000,5845,103.83800367,30.693101249999998,493
1001,5846,103.85131249,30.693101249999998,397
1002,5847,103.86462130999999,30.693101249999998,378
1003,5848,103.87793013,30.693101249999998,78
1004,5849,103.89123895,30.693101249999998,119
1005,5850,103.90454777,30.693101249999998,20
1006,5851,103.91785658999999,30.693101249999998,135
1007,5852,103.93116541,30.693101249999998,315
1008,5853,103.94447423,30.693101249999998,345
1009,5854,103.95778304999999,30.693101249999998,1021
1010,5855,103.97109187,30.693101249999998,2274
1011,5856,103.98440069,30.693101249999998,2228
1012,5857,103.99770950999999,30.693101249999998,697
1013,5858,104.01101832999998,30.693101249999998,26149
1014,5859,104.02432715,30.693101249999998,29986
1015,5860,104.03763597,30.693101249999998,54380
1016,5861,104.05094478999999,30.693101249999998,96019
1017,5862,104.06425361,30.693101249999998,41263
1018,5863,104.07756243,30.693101249999998,126626
1019,5864,104.09087124999999,30.693101249999998,64120
1020,5865,104.10418007,30.693101249999998,14901
1021,5866,104.11748889,30.693101249999998,5180
1022,5867,104.13079771,30.693101249999998,823
1023,5868,104.14410652999999,30.693101249999998,4351
1024,5869,104.15741535,30.693101249999998,2501
1025,5870,104.17072417,30.693101249999998,16650
1026,5871,104.18403298999999,30.693101249999998,3660
1027,5872,104.19734181,30.693101249999998,74
1028,5873,104.21065063,30.693101249999998,41
1029,5874,104.22395945,30.693101249999998,10
1030,5875,104.23726826999999,30.693101249999998,5
1031,5879,104.29050355,30.693101249999998,6
1032,5880,104.30381237,30.693101249999998,1
1033,5881,104.31712119,30.693101249999998,1
1034,5882,104.33043000999999,30.693101249999998,8
1035,5883,104.34373883,30.693101249999998,2
1036,5898,104.54337113,30.693101249999998,1
1037,5899,104.55667994999999,30.693101249999998,2
1038,5941,103.78476839,30.70226375,3
1039,5943,103.81138603,30.70226375,25
1040,5944,103.82469484999999,30.70226375,186
1041,5945,103.83800367,30.70226375,350
1042,5946,103.85131249,30.70226375,181
1043,5947,103.86462130999999,30.70226375,324
1044,5948,103.87793013,30.70226375,42
1045,5949,103.89123895,30.70226375,12
1046,5950,103.90454777,30.70226375,18
1047,5951,103.91785658999999,30.70226375,139
1048,5952,103.93116541,30.70226375,299
1049,5953,103.94447423,30.70226375,417
1050,5954,103.95778304999999,30.70226375,255
1051,5955,103.97109187,30.70226375,719
1052,5956,103.98440069,30.70226375,2111
1053,5957,103.99770950999999,30.70226375,9045
1054,5958,104.01101832999998,30.70226375,21480
1055,5959,104.02432715,30.70226375,17671
1056,5960,104.03763597,30.70226375,52304
1057,5961,104.05094478999999,30.70226375,77955
1058,5962,104.06425361,30.70226375,31044
1059,5963,104.07756243,30.70226375,60458
1060,5964,104.09087124999999,30.70226375,60734
1061,5965,104.10418007,30.70226375,77349
1062,5966,104.11748889,30.70226375,29585
1063,5967,104.13079771,30.70226375,302
1064,5968,104.14410652999999,30.70226375,53
1065,5969,104.15741535,30.70226375,9121
1066,5970,104.17072417,30.70226375,12245
1067,5971,104.18403298999999,30.70226375,3849
1068,5972,104.19734181,30.70226375,604
1069,5973,104.21065063,30.70226375,70
1070,5974,104.22395945,30.70226375,14
1071,5975,104.23726826999999,30.70226375,1
1072,5976,104.25057709,30.70226375,2
1073,5977,104.26388591,30.70226375,3
1074,5978,104.27719472999999,30.70226375,4
1075,5979,104.29050355,30.70226375,1
1076,5982,104.33043000999999,30.70226375,4
1077,5983,104.34373883,30.70226375,2
1078,5998,104.54337113,30.70226375,2
1079,6001,103.924511,30.711426250000002,2
1080,6041,103.78476839,30.711426250000002,2
1081,6043,103.81138603,30.711426250000002,15
1082,6044,103.82469484999999,30.711426250000002,88
1083,6045,103.83800367,30.711426250000002,185
1084,6046,103.85131249,30.711426250000002,20
1085,6047,103.86462130999999,30.711426250000002,64
1086,6048,103.87793013,30.711426250000002,4
1087,6049,103.89123895,30.711426250000002,20
1088,6050,103.90454777,30.711426250000002,158
1089,6051,103.91785658999999,30.711426250000002,69
1090,6052,103.93116541,30.711426250000002,69
1091,6053,103.94447423,30.711426250000002,247
1092,6054,103.95778304999999,30.711426250000002,93
1093,6055,103.97109187,30.711426250000002,282
1094,6056,103.98440069,30.711426250000002,6191
1095,6057,103.99770950999999,30.711426250000002,12476
1096,6058,104.01101832999998,30.711426250000002,15074
1097,6059,104.02432715,30.711426250000002,9372
1098,6060,104.03763597,30.711426250000002,36533
1099,6061,104.05094478999999,30.711426250000002,55176
1100,6062,104.06425361,30.711426250000002,67537
1101,6063,104.07756243,30.711426250000002,19175
1102,6064,104.09087124999999,30.711426250000002,44800
1103,6065,104.10418007,30.711426250000002,60173
1104,6066,104.11748889,30.711426250000002,32313
1105,6067,104.13079771,30.711426250000002,6607
1106,6068,104.14410652999999,30.711426250000002,930
1107,6069,104.15741535,30.711426250000002,3232
1108,6070,104.17072417,30.711426250000002,4534
1109,6071,104.18403298999999,30.711426250000002,859
1110,6072,104.19734181,30.711426250000002,49
1111,6073,104.21065063,30.711426250000002,18
1112,6074,104.22395945,30.711426250000002,43
1113,6075,104.23726826999999,30.711426250000002,20
1114,6076,104.25057709,30.711426250000002,5
1115,6077,104.26388591,30.711426250000002,1
1116,6078,104.27719472999999,30.711426250000002,6
1117,6079,104.29050355,30.711426250000002,2
1118,6081,104.31712119,30.711426250000002,1
1119,6084,104.35704765,30.711426250000002,1
1120,6098,104.54337113,30.711426250000002,5
1121,6099,104.55667994999999,30.711426250000002,10
1122,6100,104.56998877,30.711426250000002,2
1123,6142,103.79807721,30.720588749999997,2
1124,6143,103.81138603,30.720588749999997,13
1125,6144,103.82469484999999,30.720588749999997,305
1126,6145,103.83800367,30.720588749999997,138
1127,6146,103.85131249,30.720588749999997,6
1128,6147,103.86462130999999,30.720588749999997,2
1129,6148,103.87793013,30.720588749999997,2
1130,6150,103.90454777,30.720588749999997,130
1131,6151,103.91785658999999,30.720588749999997,296
1132,6152,103.93116541,30.720588749999997,18
1133,6153,103.94447423,30.720588749999997,145
1134,6154,103.95778304999999,30.720588749999997,305
1135,6155,103.97109187,30.720588749999997,1769
1136,6156,103.98440069,30.720588749999997,6624
1137,6157,103.99770950999999,30.720588749999997,3606
1138,6158,104.01101832999998,30.720588749999997,4753
1139,6159,104.02432715,30.720588749999997,12634
1140,6160,104.03763597,30.720588749999997,21700
1141,6161,104.05094478999999,30.720588749999997,30976
1142,6162,104.06425361,30.720588749999997,42265
1143,6163,104.07756243,30.720588749999997,27415
1144,6164,104.09087124999999,30.720588749999997,2957
1145,6165,104.10418007,30.720588749999997,33012
1146,6166,104.11748889,30.720588749999997,12883
1147,6167,104.13079771,30.720588749999997,4806
1148,6168,104.14410652999999,30.720588749999997,591
1149,6169,104.15741535,30.720588749999997,89
1150,6170,104.17072417,30.720588749999997,3201
1151,6171,104.18403298999999,30.720588749999997,111
1152,6172,104.19734181,30.720588749999997,143
1153,6173,104.21065063,30.720588749999997,19
1154,6175,104.23726826999999,30.720588749999997,62
1155,6176,104.25057709,30.720588749999997,29
1156,6177,104.26388591,30.720588749999997,171
1157,6178,104.27719472999999,30.720588749999997,139
1158,6179,104.29050355,30.720588749999997,7
1159,6182,104.33043000999999,30.720588749999997,1
1160,6198,104.54337113,30.720588749999997,2
1161,6242,103.79807721,30.72975125,1
1162,6243,103.81138603,30.72975125,4
1163,6244,103.82469484999999,30.72975125,54
1164,6245,103.83800367,30.72975125,49
1165,6248,103.87793013,30.72975125,1
1166,6249,103.89123895,30.72975125,2
1167,6250,103.90454777,30.72975125,73
1168,6251,103.91785658999999,30.72975125,41
1169,6252,103.93116541,30.72975125,3
1170,6253,103.94447423,30.72975125,288
1171,6254,103.95778304999999,30.72975125,1445
1172,6255,103.97109187,30.72975125,3337
1173,6256,103.98440069,30.72975125,2693
1174,6257,103.99770950999999,30.72975125,2390
1175,6258,104.01101832999998,30.72975125,3339
1176,6259,104.02432715,30.72975125,10501
1177,6260,104.03763597,30.72975125,1215
1178,6261,104.05094478999999,30.72975125,17262
1179,6262,104.06425361,30.72975125,21157
1180,6263,104.07756243,30.72975125,714
1181,6264,104.09087124999999,30.72975125,632
1182,6265,104.10418007,30.72975125,5960
1183,6266,104.11748889,30.72975125,2408
1184,6267,104.13079771,30.72975125,671
1185,6268,104.14410652999999,30.72975125,12128
1186,6269,104.15741535,30.72975125,18
1187,6270,104.17072417,30.72975125,1
1188,6271,104.18403298999999,30.72975125,66
1189,6272,104.19734181,30.72975125,338
1190,6273,104.21065063,30.72975125,114
1191,6274,104.22395945,30.72975125,22
1192,6275,104.23726826999999,30.72975125,7
1193,6276,104.25057709,30.72975125,5
1194,6277,104.26388591,30.72975125,277
1195,6278,104.27719472999999,30.72975125,104
1196,6280,104.30381237,30.72975125,17
1197,6329,103.62506255,30.738913750000002,1
1198,6342,103.79807721,30.738913750000002,2
1199,6343,103.81138603,30.738913750000002,9
1200,6344,103.82469484999999,30.738913750000002,5
1201,6345,103.83800367,30.738913750000002,1
1202,6347,103.86462130999999,30.738913750000002,1
1203,6348,103.87793013,30.738913750000002,1
1204,6349,103.89123895,30.738913750000002,11
1205,6351,103.91785658999999,30.738913750000002,56
1206,6352,103.93116541,30.738913750000002,759
1207,6353,103.94447423,30.738913750000002,233
1208,6354,103.95778304999999,30.738913750000002,503
1209,6355,103.97109187,30.738913750000002,1333
1210,6356,103.98440069,30.738913750000002,717
1211,6357,103.99770950999999,30.738913750000002,1864
1212,6358,104.01101832999998,30.738913750000002,1507
1213,6359,104.02432715,30.738913750000002,1144
1214,6360,104.03763597,30.738913750000002,4314
1215,6361,104.05094478999999,30.738913750000002,3537
1216,6362,104.06425361,30.738913750000002,3569
1217,6363,104.07756243,30.738913750000002,494
1218,6364,104.09087124999999,30.738913750000002,45
1219,6365,104.10418007,30.738913750000002,669
1220,6366,104.11748889,30.738913750000002,2158
1221,6367,104.13079771,30.738913750000002,482
1222,6368,104.14410652999999,30.738913750000002,866
1223,6369,104.15741535,30.738913750000002,3039
1224,6370,104.17072417,30.738913750000002,185
1225,6371,104.18403298999999,30.738913750000002,2
1226,6372,104.19734181,30.738913750000002,352
1227,6373,104.21065063,30.738913750000002,500
1228,6374,104.22395945,30.738913750000002,1
1229,6375,104.23726826999999,30.738913750000002,1
1230,6376,104.25057709,30.738913750000002,5
1231,6377,104.26388591,30.738913750000002,2
1232,6378,104.27719472999999,30.738913750000002,1
1233,6382,104.33043000999999,30.738913750000002,2
1234,6383,104.34373883,30.738913750000002,3
1235,6422,103.53190081,30.74807625,1
1236,6440,103.77145956999999,30.74807625,10
1237,6441,103.78476839,30.74807625,34
1238,6442,103.79807721,30.74807625,5
1239,6447,103.86462130999999,30.74807625,1
1240,6449,103.89123895,30.74807625,1
1241,6451,103.91785658999999,30.74807625,1101
1242,6452,103.93116541,30.74807625,123
1243,6453,103.94447423,30.74807625,158
1244,6454,103.95778304999999,30.74807625,1164
1245,6455,103.97109187,30.74807625,2154
1246,6456,103.98440069,30.74807625,4775
1247,6457,103.99770950999999,30.74807625,863
1248,6458,104.01101832999998,30.74807625,806
1249,6459,104.02432715,30.74807625,8632
1250,6460,104.03763597,30.74807625,9744
1251,6461,104.05094478999999,30.74807625,8333
1252,6462,104.06425361,30.74807625,6602
1253,6463,104.07756243,30.74807625,216
1254,6464,104.09087124999999,30.74807625,405
1255,6465,104.10418007,30.74807625,932
1256,6466,104.11748889,30.74807625,10670
1257,6467,104.13079771,30.74807625,729
1258,6468,104.14410652999999,30.74807625,3411
1259,6469,104.15741535,30.74807625,794
1260,6470,104.17072417,30.74807625,138
1261,6471,104.18403298999999,30.74807625,2
1262,6472,104.19734181,30.74807625,25
1263,6473,104.21065063,30.74807625,99
1264,6474,104.22395945,30.74807625,32
1265,6476,104.25057709,30.74807625,4
1266,6478,104.27719472999999,30.74807625,4
1267,6479,104.29050355,30.74807625,1
1268,6483,104.34373883,30.74807625,1
1269,6486,104.38366529,30.74807625,8
1270,6487,104.39697411,30.74807625,29
1271,6488,104.41028293,30.74807625,1
1272,6540,103.77145956999999,30.75723875,9
1273,6541,103.78476839,30.75723875,21
1274,6542,103.79807721,30.75723875,1
1275,6545,103.83800367,30.75723875,5
1276,6548,103.87793013,30.75723875,13
1277,6549,103.89123895,30.75723875,45
1278,6550,103.90454777,30.75723875,152
1279,6551,103.91785658999999,30.75723875,421
1280,6552,103.93116541,30.75723875,645
1281,6553,103.94447423,30.75723875,69
1282,6554,103.95778304999999,30.75723875,1621
1283,6555,103.97109187,30.75723875,3711
1284,6556,103.98440069,30.75723875,2802
1285,6557,103.99770950999999,30.75723875,4109
1286,6558,104.01101832999998,30.75723875,127
1287,6559,104.02432715,30.75723875,3475
1288,6560,104.03763597,30.75723875,5067
1289,6561,104.05094478999999,30.75723875,20578
1290,6562,104.06425361,30.75723875,16700
1291,6563,104.07756243,30.75723875,5396
1292,6564,104.09087124999999,30.75723875,11638
1293,6565,104.10418007,30.75723875,1092
1294,6566,104.11748889,30.75723875,2290
1295,6567,104.13079771,30.75723875,564
1296,6568,104.14410652999999,30.75723875,5042
1297,6569,104.15741535,30.75723875,1632
1298,6570,104.17072417,30.75723875,66
1299,6571,104.18403298999999,30.75723875,2
1300,6572,104.19734181,30.75723875,11
1301,6573,104.21065063,30.75723875,33
1302,6574,104.22395945,30.75723875,10
1303,6575,104.23726826999999,30.75723875,3
1304,6579,104.29050355,30.75723875,1
1305,6586,104.38366529,30.75723875,2
1306,6587,104.39697411,30.75723875,4
1307,6642,103.79807721,30.76640125,1
1308,6645,103.83800367,30.76640125,2
1309,6646,103.85131249,30.76640125,31
1310,6647,103.86462130999999,30.76640125,1
1311,6648,103.87793013,30.76640125,1
1312,6649,103.89123895,30.76640125,113
1313,6650,103.90454777,30.76640125,195
1314,6651,103.91785658999999,30.76640125,62
1315,6652,103.93116541,30.76640125,47
1316,6653,103.94447423,30.76640125,1403
1317,6654,103.95778304999999,30.76640125,244
1318,6655,103.97109187,30.76640125,1375
1319,6656,103.98440069,30.76640125,462
1320,6657,103.99770950999999,30.76640125,344
1321,6658,104.01101832999998,30.76640125,3376
1322,6659,104.02432715,30.76640125,5485
1323,6660,104.03763597,30.76640125,1117
1324,6661,104.05094478999999,30.76640125,18390
1325,6662,104.06425361,30.76640125,26703
1326,6663,104.07756243,30.76640125,868
1327,6664,104.09087124999999,30.76640125,1680
1328,6665,104.10418007,30.76640125,1614
1329,6666,104.11748889,30.76640125,6470
1330,6667,104.13079771,30.76640125,836
1331,6668,104.14410652999999,30.76640125,190
1332,6669,104.15741535,30.76640125,12
1333,6670,104.17072417,30.76640125,147
1334,6671,104.18403298999999,30.76640125,29
1335,6672,104.19734181,30.76640125,8
1336,6673,104.21065063,30.76640125,12
1337,6674,104.22395945,30.76640125,19
1338,6675,104.23726826999999,30.76640125,18
1339,6676,104.25057709,30.76640125,2
1340,6679,104.29050355,30.76640125,1
1341,6689,104.42359174999999,30.76640125,1
1342,6738,103.74484192999999,30.77556375,1
1343,6739,103.75815075,30.77556375,1
1344,6741,103.78476839,30.77556375,3
1345,6745,103.83800367,30.77556375,2
1346,6746,103.85131249,30.77556375,159
1347,6747,103.86462130999999,30.77556375,45
1348,6748,103.87793013,30.77556375,27
1349,6749,103.89123895,30.77556375,51
1350,6750,103.90454777,30.77556375,86
1351,6751,103.91785658999999,30.77556375,136
1352,6752,103.93116541,30.77556375,1234
1353,6753,103.94447423,30.77556375,1733
1354,6754,103.95778304999999,30.77556375,107
1355,6755,103.97109187,30.77556375,190
1356,6756,103.98440069,30.77556375,141
1357,6757,103.99770950999999,30.77556375,243
1358,6758,104.01101832999998,30.77556375,448
1359,6759,104.02432715,30.77556375,648
1360,6760,104.03763597,30.77556375,382
1361,6761,104.05094478999999,30.77556375,2701
1362,6762,104.06425361,30.77556375,10549
1363,6763,104.07756243,30.77556375,370
1364,6764,104.09087124999999,30.77556375,198
1365,6765,104.10418007,30.77556375,188
1366,6766,104.11748889,30.77556375,495
1367,6767,104.13079771,30.77556375,1513
1368,6768,104.14410652999999,30.77556375,2239
1369,6769,104.15741535,30.77556375,306
1370,6770,104.17072417,30.77556375,599
1371,6771,104.18403298999999,30.77556375,23
1372,6772,104.19734181,30.77556375,6
1373,6773,104.21065063,30.77556375,5
1374,6774,104.22395945,30.77556375,16
1375,6775,104.23726826999999,30.77556375,90
1376,6776,104.25057709,30.77556375,7
1377,6778,104.27719472999999,30.77556375,3
1378,6779,104.29050355,30.77556375,4
1379,6786,104.38366529,30.77556375,1
1380,6844,103.82469484999999,30.78472625,2
1381,6847,103.86462130999999,30.78472625,111
1382,6848,103.87793013,30.78472625,48
1383,6849,103.89123895,30.78472625,162
1384,6850,103.90454777,30.78472625,182
1385,6851,103.91785658999999,30.78472625,135
1386,6852,103.93116541,30.78472625,640
1387,6853,103.94447423,30.78472625,844
1388,6854,103.95778304999999,30.78472625,1405
1389,6855,103.97109187,30.78472625,90
1390,6856,103.98440069,30.78472625,55
1391,6857,103.99770950999999,30.78472625,40
1392,6858,104.01101832999998,30.78472625,155
1393,6859,104.02432715,30.78472625,332
1394,6860,104.03763597,30.78472625,634
1395,6861,104.05094478999999,30.78472625,317
1396,6862,104.06425361,30.78472625,13
1397,6863,104.07756243,30.78472625,189
1398,6864,104.09087124999999,30.78472625,116
1399,6865,104.10418007,30.78472625,32
1400,6866,104.11748889,30.78472625,137
1401,6867,104.13079771,30.78472625,1533
1402,6868,104.14410652999999,30.78472625,1818
1403,6869,104.15741535,30.78472625,1322
1404,6870,104.17072417,30.78472625,392
1405,6871,104.18403298999999,30.78472625,11
1406,6872,104.19734181,30.78472625,1
1407,6874,104.22395945,30.78472625,124
1408,6875,104.23726826999999,30.78472625,534
1409,6876,104.25057709,30.78472625,26
1410,6879,104.29050355,30.78472625,2
1411,6888,104.41028293,30.78472625,1
1412,6941,103.78476839,30.79388875,2
1413,6942,103.79807721,30.79388875,1
1414,6945,103.83800367,30.79388875,6
1415,6947,103.86462130999999,30.79388875,26
1416,6948,103.87793013,30.79388875,62
1417,6949,103.89123895,30.79388875,538
1418,6950,103.90454777,30.79388875,408
1419,6951,103.91785658999999,30.79388875,87
1420,6952,103.93116541,30.79388875,302
1421,6953,103.94447423,30.79388875,87
1422,6954,103.95778304999999,30.79388875,317
1423,6955,103.97109187,30.79388875,365
1424,6956,103.98440069,30.79388875,8
1425,6957,103.99770950999999,30.79388875,84
1426,6958,104.01101832999998,30.79388875,63
1427,6959,104.02432715,30.79388875,458
1428,6960,104.03763597,30.79388875,1918
1429,6961,104.05094478999999,30.79388875,1324
1430,6962,104.06425361,30.79388875,150
1431,6963,104.07756243,30.79388875,1835
1432,6964,104.09087124999999,30.79388875,1219
1433,6965,104.10418007,30.79388875,1
1434,6966,104.11748889,30.79388875,386
1435,6967,104.13079771,30.79388875,1203
1436,6968,104.14410652999999,30.79388875,2379
1437,6969,104.15741535,30.79388875,690
1438,6970,104.17072417,30.79388875,620
1439,6971,104.18403298999999,30.79388875,138
1440,6972,104.19734181,30.79388875,49
1441,6973,104.21065063,30.79388875,3
1442,6974,104.22395945,30.79388875,20
1443,6975,104.23726826999999,30.79388875,28
1444,6976,104.25057709,30.79388875,1
1445,6979,104.29050355,30.79388875,2
1446,7038,103.74484192999999,30.803051250000003,1
1447,7042,103.79807721,30.803051250000003,1
1448,7044,103.82469484999999,30.803051250000003,3
1449,7047,103.86462130999999,30.803051250000003,18
1450,7048,103.87793013,30.803051250000003,147
1451,7049,103.89123895,30.803051250000003,613
1452,7050,103.90454777,30.803051250000003,521
1453,7051,103.91785658999999,30.803051250000003,190
1454,7052,103.93116541,30.803051250000003,69
1455,7053,103.94447423,30.803051250000003,65
1456,7054,103.95778304999999,30.803051250000003,15
1457,7055,103.97109187,30.803051250000003,66
1458,7056,103.98440069,30.803051250000003,11
1459,7057,103.99770950999999,30.803051250000003,18
1460,7058,104.01101832999998,30.803051250000003,215
1461,7059,104.02432715,30.803051250000003,146
1462,7060,104.03763597,30.803051250000003,3302
1463,7061,104.05094478999999,30.803051250000003,531
1464,7062,104.06425361,30.803051250000003,169
1465,7063,104.07756243,30.803051250000003,1131
1466,7064,104.09087124999999,30.803051250000003,7
1467,7065,104.10418007,30.803051250000003,18
1468,7066,104.11748889,30.803051250000003,352
1469,7067,104.13079771,30.803051250000003,510
1470,7068,104.14410652999999,30.803051250000003,1171
1471,7069,104.15741535,30.803051250000003,800
1472,7070,104.17072417,30.803051250000003,1172
1473,7071,104.18403298999999,30.803051250000003,2104
1474,7072,104.19734181,30.803051250000003,285
1475,7073,104.21065063,30.803051250000003,47
1476,7074,104.22395945,30.803051250000003,144
1477,7075,104.23726826999999,30.803051250000003,1
1478,7076,104.25057709,30.803051250000003,4
1479,7079,104.29050355,30.803051250000003,1
1480,7089,104.42359174999999,30.803051250000003,2
1481,7124,103.55851845,30.812213749999998,1
1482,7134,103.69160665,30.812213749999998,1
1483,7137,103.73153310999999,30.812213749999998,1
1484,7139,103.75815075,30.812213749999998,1
1485,7144,103.82469484999999,30.812213749999998,6
1486,7145,103.83800367,30.812213749999998,9
1487,7146,103.85131249,30.812213749999998,10
1488,7147,103.86462130999999,30.812213749999998,38
1489,7148,103.87793013,30.812213749999998,245
1490,7149,103.89123895,30.812213749999998,296
1491,7150,103.90454777,30.812213749999998,218
1492,7151,103.91785658999999,30.812213749999998,41
1493,7152,103.93116541,30.812213749999998,12
1494,7153,103.94447423,30.812213749999998,14
1495,7154,103.95778304999999,30.812213749999998,201
1496,7155,103.97109187,30.812213749999998,231
1497,7156,103.98440069,30.812213749999998,222
1498,7157,103.99770950999999,30.812213749999998,94
1499,7158,104.01101832999998,30.812213749999998,32
1500,7159,104.02432715,30.812213749999998,759
1501,7160,104.03763597,30.812213749999998,687
1502,7161,104.05094478999999,30.812213749999998,236
1503,7162,104.06425361,30.812213749999998,1521
1504,7163,104.07756243,30.812213749999998,2586
1505,7164,104.09087124999999,30.812213749999998,862
1506,7165,104.10418007,30.812213749999998,190
1507,7166,104.11748889,30.812213749999998,1
1508,7167,104.13079771,30.812213749999998,18
1509,7168,104.14410652999999,30.812213749999998,547
1510,7169,104.15741535,30.812213749999998,1845
1511,7170,104.17072417,30.812213749999998,1430
1512,7171,104.18403298999999,30.812213749999998,1987
1513,7172,104.19734181,30.812213749999998,604
1514,7173,104.21065063,30.812213749999998,63
1515,7174,104.22395945,30.812213749999998,72
1516,7175,104.23726826999999,30.812213749999998,9
1517,7176,104.25057709,30.812213749999998,68
1518,7177,104.26388591,30.812213749999998,4
1519,7179,104.29050355,30.812213749999998,10
1520,7185,104.37035646999999,30.812213749999998,1
1521,7189,104.42359174999999,30.812213749999998,2
1522,7224,103.55851845,30.82137625,3
1523,7241,103.78476839,30.82137625,2
1524,7242,103.79807721,30.82137625,14
1525,7245,103.83800367,30.82137625,2
1526,7246,103.85131249,30.82137625,8
1527,7247,103.86462130999999,30.82137625,32
1528,7248,103.87793013,30.82137625,198
1529,7249,103.89123895,30.82137625,41
1530,7250,103.90454777,30.82137625,6
1531,7252,103.93116541,30.82137625,1
1532,7254,103.95778304999999,30.82137625,142
1533,7255,103.97109187,30.82137625,105
1534,7256,103.98440069,30.82137625,3924
1535,7257,103.99770950999999,30.82137625,109
1536,7258,104.01101832999998,30.82137625,30
1537,7259,104.02432715,30.82137625,709
1538,7260,104.03763597,30.82137625,47
1539,7261,104.05094478999999,30.82137625,4
1540,7262,104.06425361,30.82137625,1164
1541,7263,104.07756243,30.82137625,1803
1542,7264,104.09087124999999,30.82137625,328
1543,7265,104.10418007,30.82137625,31
1544,7266,104.11748889,30.82137625,40
1545,7267,104.13079771,30.82137625,19
1546,7268,104.14410652999999,30.82137625,384
1547,7269,104.15741535,30.82137625,1279
1548,7270,104.17072417,30.82137625,717
1549,7271,104.18403298999999,30.82137625,2126
1550,7272,104.19734181,30.82137625,259
1551,7273,104.21065063,30.82137625,38
1552,7274,104.22395945,30.82137625,69
1553,7275,104.23726826999999,30.82137625,7
1554,7276,104.25057709,30.82137625,10
1555,7277,104.26388591,30.82137625,28
1556,7278,104.27719472999999,30.82137625,21
1557,7279,104.29050355,30.82137625,3
1558,7284,104.35704765,30.82137625,4
1559,7289,104.42359174999999,30.82137625,6
1560,7325,103.57182727,30.830538750000002,2
1561,7326,103.58513608999999,30.830538750000002,1
1562,7340,103.77145956999999,30.830538750000002,1
1563,7342,103.79807721,30.830538750000002,1
1564,7343,103.81138603,30.830538750000002,1
1565,7346,103.85131249,30.830538750000002,4
1566,7347,103.86462130999999,30.830538750000002,42
1567,7348,103.87793013,30.830538750000002,6
1568,7349,103.89123895,30.830538750000002,5
1569,7350,103.90454777,30.830538750000002,15
1570,7352,103.93116541,30.830538750000002,2
1571,7353,103.94447423,30.830538750000002,4
1572,7354,103.95778304999999,30.830538750000002,19
1573,7355,103.97109187,30.830538750000002,21
1574,7356,103.98440069,30.830538750000002,216
1575,7357,103.99770950999999,30.830538750000002,3
1576,7358,104.01101832999998,30.830538750000002,35
1577,7359,104.02432715,30.830538750000002,131
1578,7360,104.03763597,30.830538750000002,23
1579,7361,104.05094478999999,30.830538750000002,5
1580,7362,104.06425361,30.830538750000002,258
1581,7363,104.07756243,30.830538750000002,34
1582,7364,104.09087124999999,30.830538750000002,79
1583,7365,104.10418007,30.830538750000002,20
1584,7366,104.11748889,30.830538750000002,2
1585,7367,104.13079771,30.830538750000002,119
1586,7368,104.14410652999999,30.830538750000002,176
1587,7369,104.15741535,30.830538750000002,1188
1588,7370,104.17072417,30.830538750000002,438
1589,7371,104.18403298999999,30.830538750000002,300
1590,7372,104.19734181,30.830538750000002,239
1591,7373,104.21065063,30.830538750000002,38
1592,7374,104.22395945,30.830538750000002,78
1593,7375,104.23726826999999,30.830538750000002,15
1594,7376,104.25057709,30.830538750000002,7
1595,7377,104.26388591,30.830538750000002,20
1596,7378,104.27719472999999,30.830538750000002,34
1597,7389,104.42359174999999,30.830538750000002,2
1598,7440,103.77145956999999,30.839701249999997,2
1599,7446,103.85131249,30.839701249999997,5
1600,7447,103.86462130999999,30.839701249999997,8
1601,7450,103.90454777,30.839701249999997,2
1602,7453,103.94447423,30.839701249999997,3
1603,7454,103.95778304999999,30.839701249999997,20
1604,7455,103.97109187,30.839701249999997,1
1605,7456,103.98440069,30.839701249999997,31
1606,7457,103.99770950999999,30.839701249999997,7
1607,7458,104.01101832999998,30.839701249999997,277
1608,7459,104.02432715,30.839701249999997,1006
1609,7460,104.03763597,30.839701249999997,22
1610,7462,104.06425361,30.839701249999997,55
1611,7463,104.07756243,30.839701249999997,35
1612,7464,104.09087124999999,30.839701249999997,56
1613,7465,104.10418007,30.839701249999997,2
1614,7466,104.11748889,30.839701249999997,1
1615,7467,104.13079771,30.839701249999997,2
1616,7468,104.14410652999999,30.839701249999997,96
1617,7469,104.15741535,30.839701249999997,98
1618,7470,104.17072417,30.839701249999997,81
1619,7471,104.18403298999999,30.839701249999997,13
1620,7474,104.22395945,30.839701249999997,97
1621,7475,104.23726826999999,30.839701249999997,1
1622,7476,104.25057709,30.839701249999997,11
1623,7478,104.27719472999999,30.839701249999997,1
1624,7479,104.29050355,30.839701249999997,1
1625,7480,104.30381237,30.839701249999997,10
1626,7481,104.31712119,30.839701249999997,9
1627,7482,104.33043000999999,30.839701249999997,3
1628,7483,104.34373883,30.839701249999997,1
1629,7487,104.39697411,30.839701249999997,1
1630,7488,104.41028293,30.839701249999997,2
1631,7489,104.42359174999999,30.839701249999997,4
1632,7492,104.46351820999999,30.839701249999997,1
1633,7527,103.59844491,30.84886375,1
1634,7537,103.73153310999999,30.84886375,2
1635,7539,103.75815075,30.84886375,1
1636,7543,103.81138603,30.84886375,1
1637,7544,103.82469484999999,30.84886375,23
1638,7545,103.83800367,30.84886375,2
1639,7547,103.86462130999999,30.84886375,10
1640,7548,103.87793013,30.84886375,1
1641,7550,103.90454777,30.84886375,10
1642,7551,103.91785658999999,30.84886375,5
1643,7552,103.93116541,30.84886375,10
1644,7553,103.94447423,30.84886375,12
1645,7554,103.95778304999999,30.84886375,1
1646,7556,103.98440069,30.84886375,60
1647,7557,103.99770950999999,30.84886375,22
1648,7558,104.01101832999998,30.84886375,97
1649,7559,104.02432715,30.84886375,125
1650,7560,104.03763597,30.84886375,2
1651,7561,104.05094478999999,30.84886375,19
1652,7562,104.06425361,30.84886375,48
1653,7563,104.07756243,30.84886375,1
1654,7564,104.09087124999999,30.84886375,2
1655,7565,104.10418007,30.84886375,38
1656,7566,104.11748889,30.84886375,3
1657,7567,104.13079771,30.84886375,35
1658,7568,104.14410652999999,30.84886375,11
1659,7569,104.15741535,30.84886375,22
1660,7570,104.17072417,30.84886375,2
1661,7571,104.18403298999999,30.84886375,44
1662,7572,104.19734181,30.84886375,2
1663,7573,104.21065063,30.84886375,1
1664,7574,104.22395945,30.84886375,3
1665,7575,104.23726826999999,30.84886375,8
1666,7576,104.25057709,30.84886375,61
1667,7577,104.26388591,30.84886375,5
1668,7578,104.27719472999999,30.84886375,2
1669,7579,104.29050355,30.84886375,22
1670,7580,104.30381237,30.84886375,8
1671,7581,104.31712119,30.84886375,7
1672,7582,104.33043000999999,30.84886375,10
1673,7583,104.34373883,30.84886375,1
1674,7586,104.38366529,30.84886375,8
1675,7587,104.39697411,30.84886375,12
1676,7588,104.41028293,30.84886375,26
1677,7589,104.42359174999999,30.84886375,12
1678,7590,104.43690057,30.84886375,12
1679,7591,104.45020939,30.84886375,5
1680,7592,104.46351820999999,30.84886375,39
1681,7626,103.58513608999999,30.85802625,1
1682,7639,103.75815075,30.85802625,1
1683,7641,103.78476839,30.85802625,1
1684,7642,103.79807721,30.85802625,3
1685,7643,103.81138603,30.85802625,5
1686,7644,103.82469484999999,30.85802625,7
1687,7647,103.86462130999999,30.85802625,3
1688,7651,103.91785658999999,30.85802625,9
1689,7652,103.93116541,30.85802625,2
1690,7654,103.95778304999999,30.85802625,2
1691,7655,103.97109187,30.85802625,3
1692,7656,103.98440069,30.85802625,1
1693,7657,103.99770950999999,30.85802625,65
1694,7658,104.01101832999998,30.85802625,121
1695,7659,104.02432715,30.85802625,249
1696,7660,104.03763597,30.85802625,35
1697,7662,104.06425361,30.85802625,16
1698,7663,104.07756243,30.85802625,2
1699,7664,104.09087124999999,30.85802625,2
1700,7665,104.10418007,30.85802625,30
1701,7666,104.11748889,30.85802625,6
1702,7667,104.13079771,30.85802625,52
1703,7668,104.14410652999999,30.85802625,1
1704,7669,104.15741535,30.85802625,9
1705,7670,104.17072417,30.85802625,4
1706,7671,104.18403298999999,30.85802625,32
1707,7672,104.19734181,30.85802625,27
1708,7673,104.21065063,30.85802625,12
1709,7674,104.22395945,30.85802625,11
1710,7675,104.23726826999999,30.85802625,1
1711,7676,104.25057709,30.85802625,1
1712,7677,104.26388591,30.85802625,19
1713,7678,104.27719472999999,30.85802625,3
1714,7679,104.29050355,30.85802625,17
1715,7680,104.30381237,30.85802625,3
1716,7681,104.31712119,30.85802625,31
1717,7682,104.33043000999999,30.85802625,12
1718,7686,104.38366529,30.85802625,20
1719,7687,104.39697411,30.85802625,37
1720,7688,104.41028293,30.85802625,40
1721,7689,104.42359174999999,30.85802625,31
1722,7690,104.43690057,30.85802625,22
1723,7691,104.45020939,30.85802625,2
1724,7692,104.46351820999999,30.85802625,16
1725,7741,103.78476839,30.86718875,1
1726,7742,103.79807721,30.86718875,21
1727,7743,103.81138603,30.86718875,14
1728,7747,103.86462130999999,30.86718875,3
1729,7750,103.90454777,30.86718875,3
1730,7751,103.91785658999999,30.86718875,99
1731,7752,103.93116541,30.86718875,2
1732,7754,103.95778304999999,30.86718875,1
1733,7756,103.98440069,30.86718875,3
1734,7757,103.99770950999999,30.86718875,24
1735,7758,104.01101832999998,30.86718875,278
1736,7759,104.02432715,30.86718875,148
1737,7760,104.03763597,30.86718875,6
1738,7763,104.07756243,30.86718875,5
1739,7764,104.09087124999999,30.86718875,19
1740,7765,104.10418007,30.86718875,23
1741,7766,104.11748889,30.86718875,8
1742,7768,104.14410652999999,30.86718875,2
1743,7769,104.15741535,30.86718875,8
1744,7770,104.17072417,30.86718875,8
1745,7771,104.18403298999999,30.86718875,9
1746,7772,104.19734181,30.86718875,72
1747,7773,104.21065063,30.86718875,11
1748,7774,104.22395945,30.86718875,7
1749,7776,104.25057709,30.86718875,2
1750,7777,104.26388591,30.86718875,16
1751,7778,104.27719472999999,30.86718875,9
1752,7779,104.29050355,30.86718875,2
1753,7780,104.30381237,30.86718875,2
1754,7782,104.33043000999999,30.86718875,2
1755,7783,104.34373883,30.86718875,1
1756,7785,104.37035646999999,30.86718875,1
1757,7786,104.38366529,30.86718875,2
1758,7787,104.39697411,30.86718875,18
1759,7788,104.41028293,30.86718875,4
1760,7789,104.42359174999999,30.86718875,3
1761,7792,104.46351820999999,30.86718875,5
1762,7826,103.58513608999999,30.87635125,1
1763,7827,103.59844491,30.87635125,1
1764,7836,103.71822429,30.87635125,1
1765,7842,103.79807721,30.87635125,15
1766,7843,103.81138603,30.87635125,9
1767,7845,103.83800367,30.87635125,1
1768,7846,103.85131249,30.87635125,1
1769,7847,103.86462130999999,30.87635125,17
1770,7848,103.87793013,30.87635125,1
1771,7850,103.90454777,30.87635125,3
1772,7851,103.91785658999999,30.87635125,18
1773,7852,103.93116541,30.87635125,3
1774,7856,103.98440069,30.87635125,4
1775,7857,103.99770950999999,30.87635125,56
1776,7858,104.01101832999998,30.87635125,614
1777,7859,104.02432715,30.87635125,306
1778,7860,104.03763597,30.87635125,7
1779,7861,104.05094478999999,30.87635125,5
1780,7862,104.06425361,30.87635125,1
1781,7863,104.07756243,30.87635125,2
1782,7864,104.09087124999999,30.87635125,18
1783,7865,104.10418007,30.87635125,10
1784,7866,104.11748889,30.87635125,1
1785,7869,104.15741535,30.87635125,2
1786,7871,104.18403298999999,30.87635125,1
1787,7872,104.19734181,30.87635125,41
1788,7873,104.21065063,30.87635125,11
1789,7874,104.22395945,30.87635125,2
1790,7875,104.23726826999999,30.87635125,9
1791,7876,104.25057709,30.87635125,74
1792,7877,104.26388591,30.87635125,83
1793,7878,104.27719472999999,30.87635125,39
1794,7879,104.29050355,30.87635125,35
1795,7881,104.31712119,30.87635125,1
1796,7882,104.33043000999999,30.87635125,1
1797,7887,104.39697411,30.87635125,1
1798,7888,104.41028293,30.87635125,5
1799,7889,104.42359174999999,30.87635125,1
1800,7891,104.45020939,30.87635125,1
1801,7926,103.58513608999999,30.88551375,1
1802,7927,103.59844491,30.88551375,5
1803,7940,103.77145956999999,30.88551375,1
1804,7947,103.86462130999999,30.88551375,5
1805,7951,103.91785658999999,30.88551375,11
1806,7952,103.93116541,30.88551375,10
1807,7956,103.98440069,30.88551375,15
1808,7957,103.99770950999999,30.88551375,168
1809,7958,104.01101832999998,30.88551375,277
1810,7959,104.02432715,30.88551375,11
1811,7960,104.03763597,30.88551375,11
1812,7962,104.06425361,30.88551375,3
1813,7964,104.09087124999999,30.88551375,2
1814,7965,104.10418007,30.88551375,15
1815,7966,104.11748889,30.88551375,19
1816,7968,104.14410652999999,30.88551375,9
1817,7969,104.15741535,30.88551375,1
1818,7971,104.18403298999999,30.88551375,3
1819,7972,104.19734181,30.88551375,19
1820,7973,104.21065063,30.88551375,33
1821,7974,104.22395945,30.88551375,12
1822,7975,104.23726826999999,30.88551375,59
1823,7976,104.25057709,30.88551375,265
1824,7977,104.26388591,30.88551375,222
1825,7978,104.27719472999999,30.88551375,39
1826,7979,104.29050355,30.88551375,15
1827,7980,104.30381237,30.88551375,2
1828,7981,104.31712119,30.88551375,1
1829,8024,103.55851845,30.89467625,1
1830,8025,103.57182727,30.89467625,4
1831,8026,103.58513608999999,30.89467625,13
1832,8027,103.59844491,30.89467625,35
1833,8028,103.61175373,30.89467625,4
1834,8029,103.62506255,30.89467625,2
1835,8040,103.77145956999999,30.89467625,1
1836,8048,103.87793013,30.89467625,2
1837,8051,103.91785658999999,30.89467625,27
1838,8052,103.93116541,30.89467625,76
1839,8054,103.95778304999999,30.89467625,2
1840,8055,103.97109187,30.89467625,2
1841,8056,103.98440069,30.89467625,17
1842,8057,103.99770950999999,30.89467625,31
1843,8058,104.01101832999998,30.89467625,1
1844,8059,104.02432715,30.89467625,2
1845,8060,104.03763597,30.89467625,3
1846,8064,104.09087124999999,30.89467625,79
1847,8065,104.10418007,30.89467625,58
1848,8066,104.11748889,30.89467625,22
1849,8067,104.13079771,30.89467625,4
1850,8068,104.14410652999999,30.89467625,11
1851,8069,104.15741535,30.89467625,47
1852,8071,104.18403298999999,30.89467625,1
1853,8073,104.21065063,30.89467625,6
1854,8074,104.22395945,30.89467625,3
1855,8075,104.23726826999999,30.89467625,3
1856,8076,104.25057709,30.89467625,63
1857,8077,104.26388591,30.89467625,87
1858,8078,104.27719472999999,30.89467625,15
1859,8082,104.33043000999999,30.89467625,1
1860,8127,103.59844491,30.90383875,10
1861,8132,103.66498901,30.90383875,2
1862,8136,103.71822429,30.90383875,1
1863,8138,103.74484192999999,30.90383875,1
1864,8148,103.87793013,30.90383875,9
1865,8152,103.93116541,30.90383875,5
1866,8156,103.98440069,30.90383875,1
1867,8157,103.99770950999999,30.90383875,6
1868,8158,104.01101832999998,30.90383875,1
1869,8160,104.03763597,30.90383875,1
1870,8164,104.09087124999999,30.90383875,2
1871,8165,104.10418007,30.90383875,4
1872,8167,104.13079771,30.90383875,20
1873,8169,104.15741535,30.90383875,2
1874,8176,104.25057709,30.90383875,1
1875,8224,103.55851845,30.91300125,1
1876,8237,103.73153310999999,30.91300125,10
1877,8244,103.82469484999999,30.91300125,1
1878,8248,103.87793013,30.91300125,3
1879,8253,103.94447423,30.91300125,1
1880,8256,103.98440069,30.91300125,13
1881,8257,103.99770950999999,30.91300125,2
1882,8267,104.13079771,30.91300125,3
1883,8268,104.14410652999999,30.91300125,5
1884,8343,103.81138603,30.922163750000003,2
1885,8344,103.82469484999999,30.922163750000003,11
1886,8345,103.83800367,30.922163750000003,3
1887,8346,103.85131249,30.922163750000003,1
1888,8349,103.89123895,30.922163750000003,1
1889,8351,103.91785658999999,30.922163750000003,4
1890,8354,103.95778304999999,30.922163750000003,6
1891,8356,103.98440069,30.922163750000003,7
1892,8359,104.02432715,30.922163750000003,1
1893,8360,104.03763597,30.922163750000003,2
1894,8367,104.13079771,30.922163750000003,8
1895,8368,104.14410652999999,30.922163750000003,3
1896,8433,103.67829782999999,30.931326249999998,2
1897,8440,103.77145956999999,30.931326249999998,1
1898,8444,103.82469484999999,30.931326249999998,6
1899,8453,103.94447423,30.931326249999998,31
1900,8454,103.95778304999999,30.931326249999998,9
1901,8455,103.97109187,30.931326249999998,1
1902,8456,103.98440069,30.931326249999998,2
1903,8458,104.01101832999998,30.931326249999998,2
1904,8459,104.02432715,30.931326249999998,6
1905,8460,104.03763597,30.931326249999998,1
1906,8466,104.11748889,30.931326249999998,11
1907,8467,104.13079771,30.931326249999998,9
1908,8468,104.14410652999999,30.931326249999998,2
1909,8531,103.65168019,30.94048875,1
1910,8533,103.67829782999999,30.94048875,2
1911,8534,103.69160665,30.94048875,1
1912,8541,103.78476839,30.94048875,1
1913,8552,103.93116541,30.94048875,1
1914,8553,103.94447423,30.94048875,40
1915,8554,103.95778304999999,30.94048875,20
1916,8559,104.02432715,30.94048875,2
1917,8560,104.03763597,30.94048875,6
1918,8561,104.05094478999999,30.94048875,1
1919,8562,104.06425361,30.94048875,1
1920,8564,104.09087124999999,30.94048875,6
1921,8565,104.10418007,30.94048875,42
1922,8566,104.11748889,30.94048875,80
1923,8567,104.13079771,30.94048875,22
1924,8628,103.61175373,30.949651250000002,1
1925,8652,103.93116541,30.949651250000002,6
1926,8653,103.94447423,30.949651250000002,28
1927,8654,103.95778304999999,30.949651250000002,23
1928,8655,103.97109187,30.949651250000002,8
1929,8656,103.98440069,30.949651250000002,1
1930,8660,104.03763597,30.949651250000002,2
1931,8664,104.09087124999999,30.949651250000002,2
1932,8665,104.10418007,30.949651250000002,43
1933,8666,104.11748889,30.949651250000002,71
1934,8667,104.13079771,30.949651250000002,1
1935,8668,104.14410652999999,30.949651250000002,2
1936,8728,103.61175373,30.95881375,5
1937,8730,103.63837136999999,30.95881375,9
1938,8731,103.65168019,30.95881375,1
1939,8733,103.67829782999999,30.95881375,2
1940,8744,103.82469484999999,30.95881375,2
1941,8752,103.93116541,30.95881375,5
1942,8753,103.94447423,30.95881375,6
1943,8754,103.95778304999999,30.95881375,20
1944,8755,103.97109187,30.95881375,7
1945,8765,104.10418007,30.95881375,4
1946,8766,104.11748889,30.95881375,36
1947,8767,104.13079771,30.95881375,6
1948,8768,104.14410652999999,30.95881375,4
1949,8828,103.61175373,30.96797625,2
1950,8829,103.62506255,30.96797625,3
1951,8830,103.63837136999999,30.96797625,1
1952,8831,103.65168019,30.96797625,2
1953,8839,103.75815075,30.96797625,1
1954,8843,103.81138603,30.96797625,1
1955,8847,103.86462130999999,30.96797625,4
1956,8852,103.93116541,30.96797625,3
1957,8853,103.94447423,30.96797625,13
1958,8854,103.95778304999999,30.96797625,9
1959,8855,103.97109187,30.96797625,2
1960,8856,103.98440069,30.96797625,2
1961,8858,104.01101832999998,30.96797625,1
1962,8865,104.10418007,30.96797625,3
1963,8866,104.11748889,30.96797625,1
1964,8868,104.14410652999999,30.96797625,7
1965,8869,104.15741535,30.96797625,1
1966,8928,103.61175373,30.97713875,1
1967,8929,103.62506255,30.97713875,6
1968,8930,103.63837136999999,30.97713875,5
1969,8931,103.65168019,30.97713875,3
1970,8932,103.66498901,30.97713875,1
1971,8946,103.85131249,30.97713875,1
1972,8947,103.86462130999999,30.97713875,5
1973,8948,103.87793013,30.97713875,5
1974,8952,103.93116541,30.97713875,36
1975,8953,103.94447423,30.97713875,123
1976,8954,103.95778304999999,30.97713875,111
1977,8955,103.97109187,30.97713875,6
1978,8956,103.98440069,30.97713875,2
1979,9028,103.61175373,30.98630125,1
1980,9029,103.62506255,30.98630125,4
1981,9030,103.63837136999999,30.98630125,20
1982,9031,103.65168019,30.98630125,2
1983,9032,103.66498901,30.98630125,4
1984,9048,103.87793013,30.98630125,1
1985,9052,103.93116541,30.98630125,58
1986,9053,103.94447423,30.98630125,113
1987,9054,103.95778304999999,30.98630125,136
1988,9055,103.97109187,30.98630125,5
1989,9056,103.98440069,30.98630125,6
1990,9057,103.99770950999999,30.98630125,1
1991,9059,104.02432715,30.98630125,1
1992,9069,104.15741535,30.98630125,1
1993,9128,103.61175373,30.99546375,40
1994,9129,103.62506255,30.99546375,19
1995,9130,103.63837136999999,30.99546375,10
1996,9131,103.65168019,30.99546375,2
1997,9132,103.66498901,30.99546375,1
1998,9134,103.69160665,30.99546375,1
1999,9148,103.87793013,30.99546375,1
2000,9149,103.89123895,30.99546375,2
2001,9150,103.90454777,30.99546375,1
2002,9151,103.91785658999999,30.99546375,4
2003,9152,103.93116541,30.99546375,15
2004,9153,103.94447423,30.99546375,53
2005,9154,103.95778304999999,30.99546375,121
2006,9155,103.97109187,30.99546375,15
2007,9159,104.02432715,30.99546375,3
2008,9160,104.03763597,30.99546375,17
2009,9228,103.61175373,31.00462625,3
2010,9229,103.62506255,31.00462625,8
2011,9230,103.63837136999999,31.00462625,9
2012,9231,103.65168019,31.00462625,1
2013,9232,103.66498901,31.00462625,3
2014,9252,103.93116541,31.00462625,2
2015,9254,103.95778304999999,31.00462625,10
2016,9263,104.07756243,31.00462625,4
2017,9330,103.63837136999999,31.013788750000003,1
2018,9331,103.65168019,31.013788750000003,3
2019,9332,103.66498901,31.013788750000003,1
2020,9348,103.87793013,31.013788750000003,1
2021,9353,103.94447423,31.013788750000003,1
2022,9364,104.09087124999999,31.013788750000003,28
2023,9365,104.10418007,31.013788750000003,33
2024,9453,103.94447423,31.02295125,2
2025,9533,103.67829782999999,31.03211375,1
2026,9534,103.69160665,31.03211375,1
2027,9647,103.86462130999999,31.041276250000003,1
2028,9655,103.97109187,31.041276250000003,7
2029,9656,103.98440069,31.041276250000003,2
2030,9747,103.86462130999999,31.050438749999998,2
2031,9755,103.97109187,31.050438749999998,2
2032,9756,103.98440069,31.050438749999998,4
2033,9846,103.85131249,31.05960125,2
2034,9856,103.98440069,31.05960125,1
2035,9946,103.85131249,31.068763750000002,1
2036,10155,103.97109187,31.08708875,1
2037,10156,103.98440069,31.08708875,2
